HC0	scoliosis
HC1	bowel_/_intestinal_obstruction
HC10	dysmenorrhoea_/_dysmenorrhea
HC100	gastroenteritis/dysentry
HC101	eye_trauma
HC102	vertigo
HC103	thyroid_goitre
HC104	osteomyelitis
HC105	shingles
HC106	emphysema/chronic_bronchitis
HC107	miscarriage
HC108	giardia_/_giardiasis
HC109	gestational_hypertension/pre-eclampsia
HC11	septicaemia_/_sepsis
HC110	stroke
HC111	meningioma_/_benign_meningeal_tumour
HC112	pyelonephritis
HC113	irregular_heart_beat
HC114	pericardial_effusion
HC115	contact_dermatitis
HC116	tinnitus_/_tiniitis
HC117	abdominal_hernia
HC118	constipation
HC119	disc_degeneration
HC12	testicular_problems_(not_cancer)
HC120	typhoid_fever
HC121	peritonitis
HC122	disorder_or_pituitary_gland
HC123	muscle/soft_tissue_problem
HC124	undescended_testicle
HC125	anaemia
HC126	polycystic_kidney
HC127	hydatiform_mole
HC128	peripheral_nerve_disorder
HC129	muscle_or_soft_tissue_injuries
HC13	lichen_sclerosis
HC130	housemaid's_knee_(prepatellar_bursitis)
HC131	svt_/_supraventricular_tachycardia
HC132	angina
HC133	anal_fissure
HC134	bone_disorder
HC135	anxiety/panic_attacks
HC136	connective_tissue_disorder
HC137	anal_problem
HC138	polyartertis_nodosa
HC139	breast_cysts
HC14	fracture_vertebra_/_crush_fracture_/_vertebral_collapse
HC140	urinary_frequency_/_incontinence
HC141	antiphospholipid_syndrome
HC142	synovitis
HC143	retinal_problem
HC144	chickenpox
HC145	thyroid_radioablation_therapy
HC146	pleural_effusion
HC147	diphtheria
HC148	wolff_parkinson_white_/_wpw_syndrome
HC149	rheumatic_fever
HC15	sciatica
HC150	rosacea
HC151	multiple_sclerosis
HC152	deliberate_self-harm/suicide_attempt
HC153	joint_pain
HC154	pelvic_inflammatory_disease/_pid
HC155	joint_disorder
HC156	nasal_polyps
HC157	jaundice_(unknown_cause)
HC158	spine_arthritis/spondylitis
HC159	opioid_dependency
HC16	rectal_or_colon_adenoma/polyps
HC160	fibrocystic_disease
HC161	prostatitis
HC162	brain_abscess/intracranial_abscess
HC163	scleroderma/systemic_sclerosis
HC164	gastro-oesophageal_reflux_(gord)_/_gastric_reflux
HC165	type_2_diabetes
HC166	deep_venous_thrombosis_(dvt)
HC167	raynaud's_phenomenon/disease
HC168	cervical_polyps
HC169	pernicious_anaemia
HC17	diabetic_eye_disease
HC170	sarcoidosis
HC171	alcoholic_liver_disease_/_alcoholic_cirrhosis
HC172	gynaecological_disorder_(not_cancer)
HC173	fracture_shaft_of_femur
HC174	haemochromatosis
HC175	ischaemic_stroke
HC176	prolapsed_disc/slipped_disc
HC177	dupuytren's_contracture
HC178	stress
HC179	iron_deficiency_anaemia
HC18	pemphigoid/pemphigus
HC180	thyroid_problem_(not_cancer)
HC181	eye_infection
HC182	osteopenia
HC183	spinal_abscess
HC184	aortic_aneurysm_rupture
HC185	cellulitis
HC186	paget's_disease
HC187	chronic_laryngitis
HC188	cholelithiasis/gall_stones
HC189	hyperaldosteronism/conn's_syndrome
HC19	phaeochromocytoma
HC190	scrotal_problem_(not_cancer)
HC191	peripheral_nerve_injury
HC192	bowel_/_intestinal_perforation
HC193	heart_arrhythmia
HC194	liver/biliary/pancreas_problem
HC195	ureteric_obstruction/hydronephrosis
HC196	labyrinthitis
HC197	clotting_disorder/excessive_bleeding
HC198	hyperparathyroidism
HC199	cervical_problem
HC2	myocarditis
HC20	cervical_erosion
HC200	fracture_tibia
HC201	ulcerative_colitis
HC202	trapped_nerve/compressed_nerve
HC203	pulmonary_embolism_+/-_dvt
HC204	bursitis
HC205	endometriosis
HC206	parkinsons_disease
HC207	soft_tissue_inflammation
HC208	parathyroid_gland_problem_(not_cancer)
HC209	gastric/stomach_ulcers
HC21	mitral_valve_disease
HC210	non-infective_hepatitis
HC211	dermatomyositis
HC212	oesophageal_disorder
HC213	pericardial_problem
HC214	empyema
HC215	hypertension
HC216	pneumothorax
HC217	neck_problem/injury
HC218	motor_neurone_disease
HC219	hypothyroidism/myxoedema
HC22	osteoporosis
HC220	interstitial_lung_disease
HC221	diabetes
HC222	arterial_embolism
HC223	fracture_pelvis
HC224	rubella_/_german_measles
HC225	cholecystitis
HC226	herpes_simplex
HC227	erectile_dysfunction_/_impotence
HC228	infection_of_nervous_system
HC229	chronic_skin_ulcers
HC23	fibrosing_alveolitis/unspecified_alveolitis
HC230	disc_problem
HC231	heart_valve_problem/heart_murmur
HC232	abnormal_smear_(cervix)
HC233	mania/bipolar_disorder/manic_depression
HC234	allergy_or_anaphylactic_reaction_to_food
HC235	other_demyelinating_disease
HC236	ovarian_problem
HC237	back_problem
HC238	acromegaly
HC239	subdural_haemorrhage/haematoma
HC24	mrsa_/_methicillin_resistant_staphylococcus_aureus
HC240	fracture_finger
HC241	cranial_nerve_problem/palsy
HC242	pericarditis
HC243	inguinal_hernia
HC244	carcinoid_syndrome/tumour
HC245	bile_duct_disease
HC246	schizophrenia
HC247	breast_disease_(not_cancer)
HC248	allergy_to_house_dust_mite
HC249	hepatitis_c
HC25	cataract
HC250	acute_infective_polyneuritis/guillain-barre_syndrome
HC251	liver_failure/cirrhosis
HC252	leg_claudication/_intermittent_claudication
HC253	meniere's_disease
HC254	uterine_polyps
HC255	subarachnoid_haemorrhage
HC256	fracture_toe
HC257	femoral_hernia
HC258	haemophilia
HC259	aortic_stenosis
HC26	iritis
HC260	fracture_fibula
HC261	eczema/dermatitis
HC262	diverticular_disease/diverticulitis
HC263	nasal/sinus_disorder
HC264	hepatitis_a
HC265	bowel_/_intestinal_infarction
HC266	other_venous/lymphatic_disease
HC267	tennis_elbow_/_lateral_epicondylitis
HC268	varicose_ulcer
HC269	high_cholesterol
HC27	gastrointestinal_bleeding
HC270	encephalitis
HC271	epicondylitis
HC272	stevens_johnson_syndrome
HC273	essential_hypertension
HC274	umbilical_hernia
HC275	gastritis/gastric_erosions
HC276	glaucoma
HC277	menopausal_symptoms_/_menopause
HC278	cerebral_aneurysm
HC279	myeloproliferative_disorder
HC28	bronchiectasis
HC280	peripheral_neuropathy
HC281	atrial_fibrillation
HC282	whooping_cough_/_pertussis
HC283	cystitis
HC284	fracture_nose
HC285	other_joint_disorder
HC286	plantar_fascitis
HC287	infectious_mononucleosis_/_glandular_fever_/_epstein_barr_virus_(ebv)
HC288	alopecia_/_hair_loss
HC289	vitiligo
HC29	yellow_fever
HC290	fracture_upper_arm_/_humerus_/_elbow
HC291	polycystic_ovaries/polycystic_ovarian_syndrome
HC292	vasculitis
HC293	fracture_patella_/_knee
HC294	renal/kidney_failure
HC295	carpal_tunnel_syndrome
HC296	fracture_thumb
HC297	dengue_fever
HC298	chronic_sinusitis
HC299	heart_failure/pulmonary_odema
HC3	ectopic_pregnancy
HC30	aortic_regurgitation_/_incompetence
HC300	benign_/_essential_tremor
HC301	asbestosis
HC302	retinal_detachment
HC303	malabsorption/coeliac_disease
HC304	burns_N/A
HC305	mitral_stenosis
HC306	insomnia
HC307	colitis/not_crohns_or_ulcerative_colitis
HC308	hypertrophic_cardiomyopathy_(hcm_/_hocm)
HC309	brain_haemorrhage
HC31	uterine_fibroids
HC310	hiatus_hernia
HC311	measles_/_morbillivirus
HC312	wegners_granulmatosis
HC313	primary_biliary_cirrhosis
HC314	fracture_hand
HC315	fracture_neck_/_cervical_fracture
HC316	dyspepsia_/_indigestion
HC317	breast_fibroadenoma
HC318	vocal_cord_polyp
HC319	cushings_syndrome
HC32	other_renal/kidney_problem
HC320	meningitis
HC321	sjogren's_syndrome/sicca_syndrome
HC322	crohns_disease
HC323	head_injury
HC324	obsessive_compulsive_disorder_(ocd)
HC325	chronic/degenerative_neurological_problem
HC326	heart_attack/myocardial_infarction
HC327	fracture_metatarsal
HC328	gout
HC329	benign_neuroma
HC33	spinal_cord_disorder
HC330	myasthenia_gravis
HC331	tonsiltis
HC332	post-traumatic_stress_disorder
HC333	lung_abscess
HC334	fracture_sternum
HC335	pancytopenia
HC336	iga_nephropathy
HC337	type_1_diabetes
HC338	giant_cell/temporal_arteritis
HC339	fracture_lower_leg_/_ankle
HC34	pleurisy
HC340	menorrhagia_(unknown_cause)
HC341	fracture_face_/_orbit_/_eye_socket
HC342	prostate_problem_(not_cancer)
HC343	glomerulnephritis
HC344	post-natal_depression
HC345	neurological_injury/trauma
HC346	fibromyalgia
HC347	blistering/desquamating_skin_disorder
HC348	bell's_palsy/facial_nerve_palsy
HC349	bowen's_disease
HC35	sick_sinus_syndrome
HC350	hyperprolactinaemia
HC351	blepharitis_/_eyelid_infection
HC352	systemic_lupus_erythematosis/sle
HC353	other_neurological_problem
HC354	kidney_nephropathy
HC355	rectal_prolapse
HC356	retinal_artery/vein_occlusion
HC357	duodenal_ulcer
HC358	optic_neuritis
HC359	adrenocortical_insufficiency/addison's_disease
HC36	pneumonia
HC360	grave's_disease
HC361	anorexia/bulimia/other_eating_disorder
HC362	respiratory_infection
HC363	fracture_clavicle_/_collar_bone
HC364	sleep_apnoea
HC365	schistosomiasis/bilharzia
HC366	allergy/hypersensitivity/anaphylaxis
HC367	other_substance_abuse/dependency
HC368	diabetes_insipidus
HC369	gestational_diabetes
HC37	parathyroid_hyperplasia/adenoma
HC370	other_respiratory_problems
HC371	bronchitis
HC372	uterine_problem
HC373	fracture_rib
HC374	kidney_stone/ureter_stone/bladder_stone
HC375	alcohol_dependency
HC376	osteoarthritis
HC377	oesophageal_stricture
HC378	diabetic_nephropathy
HC379	infective/viral_hepatitis
HC38	psoriasis
HC380	fracture_ulna
HC381	venous_thromboembolic_disease
HC382	asthma
HC383	bph_/_benign_prostatic_hypertrophy
HC384	throat_or_larynx_disorder
HC385	peripheral_vascular_disease
HC386	helicobacter_pylori
HC387	polymyositis
HC388	diabetic_neuropathy/ulcers
HC389	urticaria
HC39	lichen_planus
HC390	trigemminal_neuralgia
HC391	pyloric_stenosis
HC392	pancreatitis
HC393	allergy_to_nickel
HC394	mitral_regurgitation_/_incompetence
HC395	bladder_problem_(not_cancer)
HC396	fracture_shoulder_/_scapula
HC397	scarlet_fever_/_scarlatina
HC398	fracture_wrist_/_colles_fracture
HC399	incisional_hernia
HC4	nephritis
HC40	nervous_breakdown
HC400	transient_ischaemic_attack_(tia)
HC401	varicose_veins
HC402	spinal_stenosis
HC403	varicella_zoster_virus
HC404	urinary_tract_infection/kidney_infection
HC405	vaginal_prolapse/uterine_prolapse
HC406	fracture_neck_of_femur_/_hip
HC407	pancreatic_disease
HC408	polio_/_poliomyelitis
HC409	male_infertility
HC41	depression
HC410	cervical_intra-epithelial_neoplasia_(cin)_/_precancerous_cells_cervix
HC411	thalassaemia
HC412	tendonitis_/_tendinitis_/_tenosynovitis
HC413	hereditary/genetic_haematological_disorder
HC414	cardiomyopathy
HC415	aortic_aneurysm
HC416	retinitis_pigmentosa
HC417	sclerosing_cholangitis
HC418	cervical_spondylosis
HC419	otosclerosis
HC42	spontaneous_pneumothorax/recurrent_pneumothorax
HC420	psychological/psychiatric_problem
HC421	other_abdominal_problem
HC422	ankylosing_spondylitis
HC423	respiratory_failure
HC424	fracture_skull_/_head
HC425	adrenal_tumour
HC427	ovarian_cyst_or_cysts
HC428	low_platelets/platelet_disorder
HC429	hiv/aids
HC43	unclassifiable
HC430	rheumatoid_arthritis
HC431	emphysema
HC432	mitral_valve_prolapse
HC433	lymphoedema
HC434	macular_degeneration
HC435	ear/vestibular_disorder
HC436	acne/acne_vulgaris
HC437	epilepsy
HC438	hepatitis
HC439	hepatitis_e
HC44	bile_duct_obstruction/ascending_cholangitis
HC440	atrial_flutter
HC441	hypopituitarism
HC442	chronic_obstructive_airways_disease/copd
HC443	headaches_(not_migraine)
HC444	fracture_jaw
HC445	oesophageal_varicies
HC45	mumps_/_epidemic_parotitis
HC46	renal_failure_requiring_dialysis
HC47	malaria
HC48	aplastic_anaemia
HC49	hayfever/allergic_rhinitis
HC5	myositis/myopathy
HC50	chlamydia
HC51	paraplegia
HC52	aortic_dissection
HC53	spinal_injury
HC54	peptic_ulcer
HC55	hyperthyroidism/thyrotoxicosis
HC56	monoclonal_gammopathy/not_myeloma
HC57	fracture_radius
HC58	benign_breast_lump
HC59	thyroiditis
HC6	eye/eyelid_problem
HC60	oesophagitis/barretts_oesophagus
HC61	haemorrhoids_/_piles
HC62	tuberculosis_(tb)
HC63	pituitary_adenoma/tumour
HC64	irritable_bowel_syndrome
HC65	hepatitis_d
HC66	myelofibrosis
HC67	hepatitis_b
HC68	disorder_of_adrenal_gland
HC69	polycythaemia_vera
HC7	back_pain
HC70	aortic_valve_disease
HC71	microscopic_polyarteritis
HC72	chronic_fatigue_syndrome
HC73	dermatopolymyositis
HC74	female_infertility
HC75	alpha-1_antitrypsin_deficiency
HC76	fracture_foot
HC77	allergy_or_anaphylactic_reaction_to_drug
HC78	arthritis_(nos)
HC79	appendicitis
HC8	gall_bladder_disease
HC80	sickle_cell_disease
HC81	essential_thrombocytosis
HC82	cerebral_palsy
HC83	fracture_forearm_/_wrist
HC84	pulmonary_fibrosis
HC85	enlarged_prostate
HC86	migraine
HC87	spina_bifida
HC88	heart/cardiac_problem
HC89	food_intolerance
HC9	renal_failure_not_requiring_dialysis
HC91	psoriatic_arthropathy
HC92	allergy_to_elastoplast
HC93	dry_eyes
HC94	dementia/alzheimers/cognitive_impairment
HC95	inflammatory_bowel_disease
HC96	polymyalgia_rheumatica
HC97	pleural_plaques_(not_known_asbestosis)
HC98	stomach_disorder
HC99	neutropenia/lymphopenia
HC447	TTE_cholera
HC448	TTE_typhoid_and_paratyphoid_fevers
HC449	TTE_other_salmonella_infections
HC450	TTE_shigellosis
HC451	TTE_other_bacterial_intestinal_infections
HC452	TTE_other_bacterial_foodborne_intoxications
HC453	TTE_amoebiasis
HC454	TTE_other_protozoal_intestinal_diseases
HC455	TTE_viral_and_other_specified_intestinal_infections
HC456	TTE_diarrhoea_and_gastro-enteritis_of_presumed_infectious_origin
HC457	TTE_respiratory_tuberculosis,_bacteriologically_and_histologically_confirmed
HC458	TTE_respiratory_tuberculosis,_not_confirmed_bacteriologically_or_histologically
HC459	TTE_tuberculosis_of_nervous_system
HC460	TTE_tuberculosis_of_other_organs
HC461	TTE_miliary_tuberculosis
HC462	TTE_plague
HC463	TTE_anthrax
HC464	TTE_brucellosis
HC465	TTE_glanders_and_melioidosis
HC466	TTE_rat-bite_fevers
HC467	TTE_erysipeloid
HC468	TTE_leptospirosis
HC469	TTE_other_zoonotic_bacterial_diseases,_not_elsewhere_classified
HC470	TTE_leprosy_[hansen's_disease]
HC471	TTE_infection_due_to_other_mycobacteria
HC472	TTE_listeriosis
HC473	TTE_tetanus_neonatorum
HC474	TTE_other_tetanus
HC475	TTE_diphtheria
HC476	TTE_whooping_cough
HC477	TTE_scarlet_fever
HC478	TTE_meningococcal_infection
HC479	TTE_streptococcal_septicaemia
HC480	TTE_other_septicaemia
HC481	TTE_actinomycosis
HC482	TTE_nocardiosis
HC483	TTE_bartonellosis
HC484	TTE_erysipelas
HC485	TTE_other_bacterial_diseases,_not_elsewhere_classified
HC486	TTE_bacterial_infection_of_unspecified_site
HC487	TTE_congenital_syphilis
HC488	TTE_early_syphilis
HC489	TTE_late_syphilis
HC490	TTE_other_and_unspecified_syphilis
HC491	TTE_gonococcal_infection
HC492	TTE_chlamydial_lymphogranuloma_(venereum)
HC493	TTE_other_sexually_transmitted_chlamydial_diseases
HC494	TTE_granuloma_inguinale
HC495	TTE_trichomoniasis
HC496	TTE_anogenital_herpesviral_[herpes_simplex]_infections
HC497	TTE_other_predominantly_sexually_transmitted_diseases,_not_elsewhere_classified
HC498	TTE_unspecified_sexually_transmitted_disease
HC499	TTE_yaws
HC500	TTE_pinta_[carate]
HC501	TTE_relapsing_fevers
HC502	TTE_other_spirochaetal_infections
HC503	TTE_chlamydia_psittaci_infection
HC504	TTE_trachoma
HC505	TTE_other_diseases_caused_by_chlamydiae
HC506	TTE_typhus_fever
HC507	TTE_spotted_fever_[tick-borne_rickettsioses]
HC508	TTE_q_fever
HC509	TTE_other_rickettsioses
HC510	TTE_acute_poliomyelitis
HC511	TTE_atypical_virus_infections_of_central_nervous_system
HC512	TTE_rabies
HC513	TTE_mosquito-borne_viral_encephalitis
HC514	TTE_tick-borne_viral_encephalitis
HC515	TTE_other_viral_encephalitis,_not_elsewhere_classified
HC516	TTE_unspecified_viral_encephalitis
HC517	TTE_viral_meningitis
HC518	TTE_other_viral_infections_of_central_nervous_system,_not_elsewhere_classified
HC519	TTE_unspecified_viral_infection_of_central_nervous_system
HC520	TTE_dengue_fever_[classical_dengue]
HC521	TTE_dengue_haemorrhagic_fever
HC522	TTE_other_mosquito-borne_viral_fevers
HC523	TTE_other_arthropod-borne_viral_fevers,_not_elsewhere_classified
HC524	TTE_unspecified_arthropod-borne_viral_fever
HC525	TTE_yellow_fever
HC526	TTE_dengue
HC527	TTE_other_viral_haemorrhagic_fevers,_not_elsewhere_classified
HC528	TTE_herpesviral_[herpes_simplex]_infections
HC529	TTE_varicella_[chickenpox]
HC530	TTE_zoster_[herpes_zoster]
HC531	TTE_smallpox
HC532	TTE_measles
HC533	TTE_rubella_[german_measles]
HC534	TTE_viral_warts
HC535	TTE_other_viral_infections_characterised_by_skin_and_mucous_membrane_lesions,_not_elsewhere
HC536	TTE_unspecified_viral_infection_characterised_by_skin_and_mucous_membrane_lesions
HC537	TTE_acute_hepatitis_a
HC538	TTE_acute_hepatitis_b
HC539	TTE_other_acute_viral_hepatitis
HC540	TTE_chronic_viral_hepatitis
HC541	TTE_unspecified_viral_hepatitis
HC542	TTE_human_immunodeficiency_virus_[hiv]_disease_resulting_in_infectious_and_parasitic_diseases
HC543	TTE_human_immunodeficiency_virus_[hiv]_disease_resulting_in_malignant_neoplasms
HC544	TTE_human_immunodeficiency_virus_[hiv]_disease_resulting_in_other_specified_diseases
HC545	TTE_human_immunodeficiency_virus_[hiv]_disease_resulting_in_other_conditions
HC546	TTE_unspecified_human_immunodeficiency_virus_[hiv]_disease
HC547	TTE_cytomegaloviral_disease
HC548	TTE_mumps
HC549	TTE_infectious_mononucleosis
HC550	TTE_viral_conjunctivitis
HC551	TTE_other_viral_diseases,_not_elsewhere_classified
HC552	TTE_viral_infection_of_unspecified_site
HC553	TTE_dermatophytosis
HC554	TTE_other_superficial_mycoses
HC555	TTE_candidiasis
HC556	TTE_coccidioidomycosis
HC557	TTE_histoplasmosis
HC558	TTE_blastomycosis
HC559	TTE_sporotrichosis
HC560	TTE_chromomycosis_and_phaeomycotic_abscess
HC561	TTE_aspergillosis
HC562	TTE_cryptococcosis
HC563	TTE_zygomycosis
HC564	TTE_mycetoma
HC565	TTE_other_mycoses,_not_elsewhere_classified
HC566	TTE_unspecified_mycosis
HC567	TTE_plasmodium_falciparum_malaria
HC568	TTE_plasmodium_vivax_malaria
HC569	TTE_plasmodium_malariae_malaria
HC570	TTE_other_parasitologically_confirmed_malaria
HC571	TTE_unspecified_malaria
HC572	TTE_leishmaniasis
HC573	TTE_chagas'_disease
HC574	TTE_toxoplasmosis
HC575	TTE_pneumocystosis
HC576	TTE_other_protozoal_diseases,_not_elsewhere_classified
HC577	TTE_schistosomiasis_[bilharziasis]
HC578	TTE_other_fluke_infections
HC579	TTE_echinococcosis
HC580	TTE_taeniasis
HC581	TTE_cysticercosis
HC582	TTE_other_cestode_infections
HC583	TTE_onchocerciasis
HC584	TTE_filariasis
HC585	TTE_trichinellosis
HC586	TTE_hookworm_diseases
HC587	TTE_ascariasis
HC588	TTE_strongyloidiasis
HC589	TTE_trichuriasis
HC590	TTE_enterobiasis
HC591	TTE_other_intestinal_helminthiases,_not_elsewhere_classified
HC592	TTE_unspecified_intestinal_parasitism
HC593	TTE_other_helminthiases
HC594	TTE_pediculosis_and_phthiriasis
HC595	TTE_scabies
HC596	TTE_myiasis
HC597	TTE_other_infestations
HC598	TTE_unspecified_parasitic_disease
HC599	TTE_sequelae_of_tuberculosis
HC600	TTE_sequelae_of_poliomyelitis
HC601	TTE_sequelae_of_other_and_unspecified_infectious_and_parasitic_diseases
HC602	TTE_streptococcus_and_staphylococcus_as_the_cause_of_diseases_classified_to_other_chapters
HC603	TTE_other_bacterial_agents_as_the_cause_of_diseases_classified_to_other_chapters
HC604	TTE_viral_agents_as_the_cause_of_diseases_classified_to_other_chapters
HC605	TTE_other_specified_infectious_agents_as_the_cause_of_diseases_classified_to_other
HC606	TTE_other_and_unspecified_infectious_diseases
HC607	TTE_iron_deficiency_anaemia
HC608	TTE_vitamin_b12_deficiency_anaemia
HC609	TTE_folate_deficiency_anaemia
HC610	TTE_other_nutritional_anaemias
HC611	TTE_anaemia_due_to_enzyme_disorders
HC612	TTE_thalassaemia
HC613	TTE_sickle-cell_disorders
HC614	TTE_other_hereditary_haemolytic_anaemias
HC615	TTE_acquired_haemolytic_anaemia
HC616	TTE_acquired_pure_red_cell_aplasia_[erythroblastopenia]
HC617	TTE_other_aplastic_anaemias
HC618	TTE_acute_posthaemorrhagic_anaemia
HC619	TTE_anaemia_in_chronic_diseases_classified_elsewhere
HC620	TTE_other_anaemias
HC621	TTE_disseminated_intravascular_coagulation_[defibrination_syndrome]
HC622	TTE_hereditary_factor_viii_deficiency
HC623	TTE_hereditary_factor_ix_deficiency
HC624	TTE_other_coagulation_defects
HC625	TTE_purpura_and_other_haemorrhagic_conditions
HC626	TTE_agranulocytosis
HC627	TTE_functional_disorders_of_polymorphonuclear_neutrophils
HC628	TTE_other_disorders_of_white_blood_cells
HC629	TTE_diseases_of_spleen
HC630	TTE_methaemoglobinaemia
HC631	TTE_other_diseases_of_blood_and_blood-forming_organs
HC632	TTE_certain_diseases_involving_lymphoreticular_tissue_and_reticulohistiocytic_system
HC633	TTE_other_disorders_of_blood_and_blood-forming_organs_in_diseases_classified_elsewhere
HC634	TTE_immunodeficiency_with_predominantly_antibody_defects
HC635	TTE_combined_immunodeficiencies
HC636	TTE_immunodeficiency_associated_with_other_major_defects
HC637	TTE_common_variable_immunodeficiency
HC638	TTE_other_immunodeficiencies
HC639	TTE_sarcoidosis
HC640	TTE_other_disorders_involving_the_immune_mechanism,_not_elsewhere_classified
HC641	TTE_iodine-deficiency-related_thyroid_disorders_and_allied_conditions
HC642	TTE_subclinical_iodine-deficiency_hypothyroidism
HC643	TTE_other_hypothyroidism
HC644	TTE_other_non-toxic_goitre
HC645	TTE_thyrotoxicosis_[hyperthyroidism]
HC646	TTE_thyroiditis
HC647	TTE_other_disorders_of_thyroid
HC648	TTE_insulin-dependent_diabetes_mellitus
HC649	TTE_non-insulin-dependent_diabetes_mellitus
HC650	TTE_malnutrition-related_diabetes_mellitus
HC651	TTE_other_specified_diabetes_mellitus
HC652	TTE_unspecified_diabetes_mellitus
HC653	TTE_nondiabetic_hypoglycaemic_coma
HC654	TTE_other_disorders_of_pancreatic_internal_secretion
HC655	TTE_hypoparathyroidism
HC656	TTE_hyperparathyroidism_and_other_disorders_of_parathyroid_gland
HC657	TTE_hyperfunction_of_pituitary_gland
HC658	TTE_hypofunction_and_other_disorders_of_pituitary_gland
HC659	TTE_cushing's_syndrome
HC660	TTE_adrenogenital_disorders
HC661	TTE_hyperaldosteronism
HC662	TTE_other_disorders_of_adrenal_gland
HC663	TTE_ovarian_dysfunction
HC664	TTE_testicular_dysfunction
HC665	TTE_disorders_of_puberty,_not_elsewhere_classified
HC666	TTE_polyglandular_dysfunction
HC667	TTE_diseases_of_thymus
HC668	TTE_other_endocrine_disorders
HC669	TTE_disorders_of_endocrine_glands_in_diseases_classified_elsewhere
HC670	TTE_nutritional_marasmus
HC671	TTE_unspecified_severe_protein-energy_malnutrition
HC672	TTE_protein-energy_malnutrition_of_moderate_and_mild_degree
HC673	TTE_retarded_development_following_protein-energy_malnutrition
HC674	TTE_unspecified_protein-energy_malnutrition
HC675	TTE_vitamin_a_deficiency
HC676	TTE_thiamine_deficiency
HC677	TTE_niacin_deficiency_[pellagra]
HC678	TTE_deficiency_of_other_b_group_vitamins
HC679	TTE_ascorbic_acid_deficiency
HC680	TTE_vitamin_d_deficiency
HC681	TTE_other_vitamin_deficiencies
HC682	TTE_dietary_calcium_deficiency
HC683	TTE_dietary_selenium_deficiency
HC684	TTE_dietary_zinc_deficiency
HC685	TTE_deficiency_of_other_nutrient_elements
HC686	TTE_other_nutritional_deficiencies
HC687	TTE_sequelae_of_malnutrition_and_other_nutritional_deficiencies
HC688	TTE_localised_adiposity
HC689	TTE_obesity
HC690	TTE_other_hyperalimentation
HC691	TTE_sequelae_of_hyperalimentation
HC692	TTE_disorders_of_aromatic_amino-acid_metabolism
HC693	TTE_disorders_of_branched-chain_amino-acid_metabolism_and_fatty-acid_metabolism
HC694	TTE_other_disorders_of_amino-acid_metabolism
HC695	TTE_lactose_intolerance
HC696	TTE_other_disorders_of_carbohydrate_metabolism
HC697	TTE_disorders_of_sphingolipid_metabolism_and_other_lipid_storage_disorders
HC698	TTE_disorders_of_glycosaminoglycan_metabolism
HC699	TTE_disorders_of_glycoprotein_metabolism
HC700	TTE_disorders_of_lipoprotein_metabolism_and_other_lipidaemias
HC701	TTE_disorders_of_purine_and_pyrimidine_metabolism
HC702	TTE_disorders_of_porphyrin_and_bilirubin_metabolism
HC703	TTE_disorders_of_mineral_metabolism
HC704	TTE_cystic_fibrosis
HC705	TTE_amyloidosis
HC706	TTE_volume_depletion
HC707	TTE_other_disorders_of_fluid,_electrolyte_and_acid-base_balance
HC708	TTE_other_metabolic_disorders
HC709	TTE_postprocedural_endocrine_and_metabolic_disorders,_not_elsewhere_classified
HC710	TTE_dementia_in_alzheimer's_disease
HC711	TTE_vascular_dementia
HC712	TTE_dementia_in_other_diseases_classified_elsewhere
HC713	TTE_unspecified_dementia
HC714	TTE_organic_amnesic_syndrome,_not_induced_by_alcohol_and_other_psychoactive_substances
HC715	TTE_delirium,_not_induced_by_alcohol_and_other_psychoactive_substances
HC716	TTE_other_mental_disorders_due_to_brain_damage_and_dysfunction_and_to_physica
HC717	TTE_personality_and_behavioural_disorders_due_to_brain_disease,_damage_and_dysfunction
HC718	TTE_unspecified_organic_or_symptomatic_mental_disorder
HC719	TTE_mental_and_behavioural_disorders_due_to_use_of_alcohol
HC720	TTE_mental_and_behavioural_disorders_due_to_use_of_opioids
HC721	TTE_mental_and_behavioural_disorders_due_to_use_of_cannabinoids
HC722	TTE_mental_and_behavioural_disorders_due_to_use_of_sedatives_or_hypnotics
HC723	TTE_mental_and_behavioural_disorders_due_to_use_of_cocaine
HC724	TTE_mental_and_behavioural_disorders_due_to_use_of_other_stimulants,_including_caffeine
HC725	TTE_mental_and_behavioural_disorders_due_to_use_of_hallucinogens
HC726	TTE_mental_and_behavioural_disorders_due_to_use_of_tobacco
HC727	TTE_mental_and_behavioural_disorders_due_to_use_of_volatile_solvents
HC728	TTE_mental_and_behavioural_disorders_due_to_multiple_drug_use_and_use_o
HC729	TTE_schizophrenia
HC730	TTE_schizotypal_disorder
HC731	TTE_persistent_delusional_disorders
HC732	TTE_acute_and_transient_psychotic_disorders
HC733	TTE_induced_delusional_disorder
HC734	TTE_schizoaffective_disorders
HC735	TTE_other_nonorganic_psychotic_disorders
HC736	TTE_unspecified_nonorganic_psychosis
HC737	TTE_manic_episode
HC738	TTE_bipolar_affective_disorder
HC739	TTE_depressive_episode
HC740	TTE_recurrent_depressive_disorder
HC741	TTE_persistent_mood_[affective]_disorders
HC742	TTE_other_mood_[affective]_disorders
HC743	TTE_unspecified_mood_[affective]_disorder
HC744	TTE_phobic_anxiety_disorders
HC745	TTE_other_anxiety_disorders
HC746	TTE_obsessive-compulsive_disorder
HC747	TTE_reaction_to_severe_stress,_and_adjustment_disorders
HC748	TTE_dissociative_[conversion]_disorders
HC749	TTE_somatoform_disorders
HC750	TTE_other_neurotic_disorders
HC751	TTE_eating_disorders
HC752	TTE_nonorganic_sleep_disorders
HC753	TTE_sexual_dysfunction,_not_caused_by_organic_disorder_or_disease
HC754	TTE_mental_and_behavioural_disorders_associated_with_the_puerperium,_not_elsewhere_classified
HC755	TTE_psychological_and_behavioural_factors_associated_with_disorders_or_diseases_classified_elsewhere
HC756	TTE_abuse_of_non-dependence-producing_substances
HC757	TTE_unspecified_behavioural_syndromes_associated_with_physiological_disturbances_and_physical_factors
HC758	TTE_specific_personality_disorders
HC759	TTE_mixed_and_other_personality_disorders
HC760	TTE_enduring_personality_changes,_not_attributable_to_brain_damage_and_disease
HC761	TTE_habit_and_impulse_disorders
HC762	TTE_gender_identity_disorders
HC763	TTE_disorders_of_sexual_preference
HC764	TTE_psychological_and_behavioural_disorders_associated_with_sexual_development_and_orientation
HC765	TTE_other_disorders_of_adult_personality_and_behaviour
HC766	TTE_unspecified_disorder_of_adult_personality_and_behaviour
HC767	TTE_mild_mental_retardation
HC768	TTE_moderate_mental_retardation
HC769	TTE_severe_mental_retardation
HC770	TTE_other_mental_retardation
HC771	TTE_unspecified_mental_retardation
HC772	TTE_specific_developmental_disorders_of_speech_and_language
HC773	TTE_specific_developmental_disorders_of_scholastic_skills
HC774	TTE_specific_developmental_disorder_of_motor_function
HC775	TTE_pervasive_developmental_disorders
HC776	TTE_other_disorders_of_psychological_development
HC777	TTE_unspecified_disorder_of_psychological_development
HC778	TTE_hyperkinetic_disorders
HC779	TTE_conduct_disorders
HC780	TTE_mixed_disorders_of_conduct_and_emotions
HC781	TTE_emotional_disorders_with_onset_specific_to_childhood
HC782	TTE_disorders_of_social_functioning_with_onset_specific_to_childhood_and_adolescence
HC783	TTE_tic_disorders
HC784	TTE_other_behavioural_and_emotional_disorders_with_onset_usually_occurring_in_childhood_an
HC785	TTE_mental_disorder,_not_otherwise_specified
HC786	TTE_bacterial_meningitis,_not_elsewhere_classified
HC787	TTE_meningitis_in_bacterial_diseases_classified_elsewhere
HC788	TTE_meningitis_in_other_infectious_and_parasitic_diseases_classified_elsewhere
HC789	TTE_meningitis_due_to_other_and_unspecified_causes
HC790	TTE_encephalitis,_myelitis_and_encephalomyelitis
HC791	TTE_encephalitis,_myelitis_and_encephalomyelitis_in_diseases_classified_elsewhere
HC792	TTE_intracranial_and_intraspinal_abscess_and_granuloma
HC793	TTE_intracranial_and_intraspinal_abscess_and_granuloma_in_diseases_classified_elsewhere
HC794	TTE_intracranial_and_intraspinal_phlebitis_and_thrombophlebitis
HC795	TTE_sequelae_of_inflammatory_diseases_of_central_nervous_system
HC796	TTE_huntington's_disease
HC797	TTE_hereditary_ataxia
HC798	TTE_spinal_muscular_atrophy_and_related_syndromes
HC799	TTE_systemic_atrophies_primarily_affecting_central_nervous_system_in_diseases_classified_elsewhere
HC800	TTE_postpolio_syndrome
HC801	TTE_parkinson's_disease
HC802	TTE_secondary_parkinsonism
HC803	TTE_parkinsonism_in_diseases_classified_elsewhere
HC804	TTE_other_degenerative_diseases_of_basal_ganglia
HC805	TTE_dystonia
HC806	TTE_other_extrapyramidal_and_movement_disorders
HC807	TTE_alzheimer's_disease
HC808	TTE_other_degenerative_diseases_of_nervous_system,_not_elsewhere_classified
HC809	TTE_other_degenerative_disorders_of_nervous_system_in_diseases_classified_elsewhere
HC810	TTE_multiple_sclerosis
HC811	TTE_other_acute_disseminated_demyelination
HC812	TTE_other_demyelinating_diseases_of_central_nervous_system
HC813	TTE_epilepsy
HC814	TTE_status_epilepticus
HC815	TTE_migraine
HC816	TTE_other_headache_syndromes
HC817	TTE_transient_cerebral_ischaemic_attacks_and_related_syndromes
HC818	TTE_vascular_syndromes_of_brain_in_cerebrovascular_diseases
HC819	TTE_sleep_disorders
HC820	TTE_disorders_of_trigeminal_nerve
HC821	TTE_facial_nerve_disorders
HC822	TTE_disorders_of_other_cranial_nerves
HC823	TTE_cranial_nerve_disorders_in_diseases_classified_elsewhere
HC824	TTE_nerve_root_and_plexus_disorders
HC825	TTE_nerve_root_and_plexus_compressions_in_diseases_classified_elsewhere
HC826	TTE_mononeuropathies_of_upper_limb
HC827	TTE_mononeuropathies_of_lower_limb
HC828	TTE_other_mononeuropathies
HC829	TTE_mononeuropathy_in_diseases_classified_elsewhere
HC830	TTE_hereditary_and_idiopathic_neuropathy
HC831	TTE_inflammatory_polyneuropathy
HC832	TTE_other_polyneuropathies
HC833	TTE_polyneuropathy_in_diseases_classified_elsewhere
HC834	TTE_other_disorders_of_peripheral_nervous_system
HC835	TTE_myasthenia_gravis_and_other_myoneural_disorders
HC836	TTE_primary_disorders_of_muscles
HC837	TTE_other_myopathies
HC838	TTE_disorders_of_myoneural_junction_and_muscle_in_diseases_classified_elsewhere
HC839	TTE_infantile_cerebral_palsy
HC840	TTE_hemiplegia
HC841	TTE_paraplegia_and_tetraplegia
HC842	TTE_other_paralytic_syndromes
HC843	TTE_disorders_of_autonomic_nervous_system
HC844	TTE_hydrocephalus
HC845	TTE_toxic_encephalopathy
HC846	TTE_other_disorders_of_brain
HC847	TTE_other_disorders_of_brain_in_diseases_classified_elsewhere
HC848	TTE_other_diseases_of_spinal_cord
HC849	TTE_other_disorders_of_central_nervous_system
HC850	TTE_postprocedural_disorders_of_nervous_system,_not_elsewhere_classified
HC851	TTE_other_disorders_of_nervous_system,_not_elsewhere_classified
HC852	TTE_other_disorders_of_nervous_system_in_diseases_classified_elsewhere
HC853	TTE_hordeolum_and_chalazion
HC854	TTE_other_inflammation_of_eyelid
HC855	TTE_other_disorders_of_eyelid
HC856	TTE_disorders_of_eyelid_in_diseases_classified_elsewhere
HC857	TTE_disorders_of_lachrymal_system
HC858	TTE_disorders_of_orbit
HC859	TTE_disorders_of_lachrymal_system_and_orbit_in_diseases_classified_elsewhere
HC860	TTE_conjunctivitis
HC861	TTE_other_disorders_of_conjunctiva
HC862	TTE_disorders_of_conjunctiva_in_diseases_classified_elsewhere
HC863	TTE_disorders_of_sclera
HC864	TTE_keratitis
HC865	TTE_corneal_scars_and_opacities
HC866	TTE_other_disorders_of_cornea
HC867	TTE_disorders_of_sclera_and_cornea_in_diseases_classified_elsewhere
HC868	TTE_iridocyclitis
HC869	TTE_other_disorders_of_iris_and_ciliary_body
HC870	TTE_disorders_of_iris_and_ciliary_body_in_diseases_classified_elsewhere
HC871	TTE_senile_cataract
HC872	TTE_other_cataract
HC873	TTE_other_disorders_of_lens
HC874	TTE_cataract_and_other_disorders_of_lens_in_diseases_classified_elsewhere
HC875	TTE_chorioretinal_inflammation
HC876	TTE_other_disorders_of_choroid
HC877	TTE_chorioretinal_disorders_in_diseases_classified_elsewhere
HC878	TTE_retinal_detachments_and_breaks
HC879	TTE_retinal_vascular_occlusions
HC880	TTE_other_retinal_disorders
HC881	TTE_retinal_disorders_in_diseases_classified_elsewhere
HC882	TTE_glaucoma
HC883	TTE_glaucoma_in_diseases_classified_elsewhere
HC884	TTE_disorders_of_vitreous_body
HC885	TTE_disorders_of_globe
HC886	TTE_disorders_of_vitreous_body_and_globe_in_diseases_classified_elsewhere
HC887	TTE_optic_neuritis
HC888	TTE_other_disorders_of_optic_[2nd]_nerve_and_visual_pathways
HC889	TTE_disorders_of_optic_[2nd]_nerve_and_visual_pathways_in_diseases_classified_elsewhere
HC890	TTE_paralytic_strabismus
HC891	TTE_other_strabismus
HC892	TTE_other_disorders_of_binocular_movement
HC893	TTE_disorders_of_refraction_and_accommodation
HC894	TTE_visual_disturbances
HC895	TTE_blindness_and_low_vision
HC896	TTE_nystagmus_and_other_irregular_eye_movements
HC897	TTE_other_disorders_of_eye_and_adnexa
HC898	TTE_other_disorders_of_eye_and_adnexa_in_diseases_classified_elsewhere
HC899	TTE_postprocedural_disorders_of_eye_and_adnexa,_not_elsewhere_classified
HC900	TTE_otitis_externa
HC901	TTE_other_disorders_of_external_ear
HC902	TTE_disorders_of_external_ear_in_diseases_classified_elsewhere
HC903	TTE_nonsuppurative_otitis_media
HC904	TTE_suppurative_and_unspecified_otitis_media
HC905	TTE_otitis_media_in_diseases_classified_elsewhere
HC906	TTE_eustachian_salpingitis_and_obstruction
HC907	TTE_other_disorders_of_eustachian_tube
HC908	TTE_mastoiditis_and_related_conditions
HC909	TTE_cholesteatoma_of_middle_ear
HC910	TTE_perforation_of_tympanic_membrane
HC911	TTE_other_disorders_of_tympanic_membrane
HC912	TTE_other_disorders_of_middle_ear_and_mastoid
HC913	TTE_other_disorders_of_middle_ear_and_mastoid_in_diseases_classified_elsewhere
HC914	TTE_otosclerosis
HC915	TTE_disorders_of_vestibular_function
HC916	TTE_vertiginous_syndromes_in_diseases_classified_elsewhere
HC917	TTE_other_diseases_of_inner_ear
HC918	TTE_conductive_and_sensorineural_hearing_loss
HC919	TTE_other_hearing_loss
HC920	TTE_otalgia_and_effusion_of_ear
HC921	TTE_other_disorders_of_ear,_not_elsewhere_classified
HC922	TTE_other_disorders_of_ear_in_diseases_classified_elsewhere
HC923	TTE_postprocedural_disorders_of_ear_and_mastoid_process,_not_elsewhere_classified
HC924	TTE_rheumatic_fever_without_mention_of_heart_involvement
HC925	TTE_rheumatic_fever_with_heart_involvement
HC926	TTE_rheumatic_chorea
HC927	TTE_rheumatic_mitral_valve_diseases
HC928	TTE_rheumatic_aortic_valve_diseases
HC929	TTE_rheumatic_tricuspid_valve_diseases
HC930	TTE_multiple_valve_diseases
HC931	TTE_other_rheumatic_heart_diseases
HC932	TTE_essential_(primary_hypertension)
HC933	TTE_hypertensive_heart_disease
HC934	TTE_hypertensive_renal_disease
HC935	TTE_hypertensive_heart_and_renal_disease
HC936	TTE_secondary_hypertension
HC937	TTE_angina_pectoris
HC938	TTE_acute_myocardial_infarction
HC939	TTE_subsequent_myocardial_infarction
HC940	TTE_certain_current_complications_following_acute_myocardial_infarction
HC941	TTE_other_acute_ischaemic_heart_diseases
HC942	TTE_chronic_ischaemic_heart_disease
HC943	TTE_pulmonary_embolism
HC944	TTE_other_pulmonary_heart_diseases
HC945	TTE_other_diseases_of_pulmonary_vessels
HC946	TTE_acute_pericarditis
HC947	TTE_other_diseases_of_pericardium
HC948	TTE_pericarditis_in_diseases_classified_elsewhere
HC949	TTE_acute_and_subacute_endocarditis
HC950	TTE_nonrheumatic_mitral_valve_disorders
HC951	TTE_nonrheumatic_aortic_valve_disorders
HC952	TTE_nonrheumatic_tricuspid_valve_disorders
HC953	TTE_pulmonary_valve_disorders
HC954	TTE_endocarditis,_valve_unspecified
HC955	TTE_endocarditis_and_heart_valve_disorders_in_diseases_classified_elsewhere
HC956	TTE_acute_myocarditis
HC957	TTE_myocarditis_in_diseases_classified_elsewhere
HC958	TTE_cardiomyopathy
HC959	TTE_cardiomyopathy_in_diseases_classified_elsewhere
HC960	TTE_atrioventricular_and_left_bundle-branch_block
HC961	TTE_other_conduction_disorders
HC962	TTE_cardiac_arrest
HC963	TTE_paroxysmal_tachycardia
HC964	TTE_atrial_fibrillation_and_flutter
HC965	TTE_other_cardiac_arrhythmias
HC966	TTE_heart_failure
HC967	TTE_complications_and_ill-defined_descriptions_of_heart_disease
HC968	TTE_other_heart_disorders_in_diseases_classified_elsewhere
HC969	TTE_subarachnoid_haemorrhage
HC970	TTE_intracerebral_haemorrhage
HC971	TTE_other_nontraumatic_intracranial_haemorrhage
HC972	TTE_cerebral_infarction
HC973	TTE_stroke,_not_specified_as_haemorrhage_or_infarction
HC974	TTE_occlusion_and_stenosis_of_precerebral_arteries,_not_resulting_in_cerebral_infarction
HC975	TTE_occlusion_and_stenosis_of_cerebral_arteries,_not_resulting_in_cerebral_infarction
HC976	TTE_other_cerebrovascular_diseases
HC977	TTE_cerebrovascular_disorders_in_diseases_classified_elsewhere
HC978	TTE_sequelae_of_cerebrovascular_disease
HC979	TTE_atherosclerosis
HC980	TTE_aortic_aneurysm_and_dissection
HC981	TTE_other_aneurysm
HC982	TTE_other_peripheral_vascular_diseases
HC983	TTE_arterial_embolism_and_thrombosis
HC984	TTE_other_disorders_of_arteries_and_arterioles
HC985	TTE_diseases_of_capillaries
HC986	TTE_disorders_of_arteries,_arterioles_and_capillaries_in_diseases_classified_elsewhere
HC987	TTE_phlebitis_and_thrombophlebitis
HC988	TTE_portal_vein_thrombosis
HC989	TTE_other_venous_embolism_and_thrombosis
HC990	TTE_varicose_veins_of_lower_extremities
HC991	TTE_haemorrhoids
HC992	TTE_oesophageal_varices
HC993	TTE_varicose_veins_of_other_sites
HC994	TTE_other_disorders_of_veins
HC995	TTE_nonspecific_lymphadenitis
HC996	TTE_other_non-infective_disorders_of_lymphatic_vessels_and_lymph_nodes
HC997	TTE_hypotension
HC998	TTE_postprocedural_disorders_of_circulatory_system,_not_elsewhere_classified
HC999	TTE_other_disorders_of_circulatory_system_in_diseases_classified_elsewhere
HC1000	TTE_other_and_unspecified_disorders_of_circulatory_system
HC1001	TTE_acute_nasopharyngitis_[common_cold]
HC1002	TTE_acute_sinusitis
HC1003	TTE_acute_pharyngitis
HC1004	TTE_acute_tonsillitis
HC1005	TTE_acute_laryngitis_and_tracheitis
HC1006	TTE_acute_obstructive_laryngitis_[croup]_and_epiglottitis
HC1007	TTE_acute_upper_respiratory_infections_of_multiple_and_unspecified_sites
HC1008	TTE_influenza_due_to_certain_identified_influenza_virus
HC1009	TTE_influenza_due_to_identified_influenza_virus
HC1010	TTE_influenza,_virus_not_identified
HC1011	TTE_viral_pneumonia,_not_elsewhere_classified
HC1012	TTE_pneumonia_due_to_streptococcus_pneumoniae
HC1013	TTE_pneumonia_due_to_haemophilus_influenzae
HC1014	TTE_bacterial_pneumonia,_not_elsewhere_classified
HC1015	TTE_pneumonia_due_to_other_infectious_organisms,_not_elsewhere_classified
HC1016	TTE_pneumonia_in_diseases_classified_elsewhere
HC1017	TTE_pneumonia,_organism_unspecified
HC1018	TTE_acute_bronchitis
HC1019	TTE_acute_bronchiolitis
HC1020	TTE_unspecified_acute_lower_respiratory_infection
HC1021	TTE_vasomotor_and_allergic_rhinitis
HC1022	TTE_chronic_rhinitis,_nasopharyngitis_and_pharyngitis
HC1023	TTE_chronic_sinusitis
HC1024	TTE_nasal_polyp
HC1025	TTE_other_disorders_of_nose_and_nasal_sinuses
HC1026	TTE_chronic_diseases_of_tonsils_and_adenoids
HC1027	TTE_peritonsillar_abscess
HC1028	TTE_chronic_laryngitis_and_laryngotracheitis
HC1029	TTE_diseases_of_vocal_cords_and_larynx,_not_elsewhere_classified
HC1030	TTE_other_diseases_of_upper_respiratory_tract
HC1031	TTE_bronchitis,_not_specified_as_acute_or_chronic
HC1032	TTE_simple_and_mucopurulent_chronic_bronchitis
HC1033	TTE_unspecified_chronic_bronchitis
HC1034	TTE_emphysema
HC1035	TTE_other_chronic_obstructive_pulmonary_disease
HC1036	TTE_asthma
HC1037	TTE_status_asthmaticus
HC1038	TTE_bronchiectasis
HC1039	TTE_coalworker's_pneumoconiosis
HC1040	TTE_pneumoconiosis_due_to_asbestos_and_other_mineral_fibres
HC1041	TTE_pneumoconiosis_due_to_dust_containing_silica
HC1042	TTE_pneumoconiosis_due_to_other_inorganic_dusts
HC1043	TTE_unspecified_pneumoconiosis
HC1044	TTE_airway_disease_due_to_specific_organic_dust
HC1045	TTE_hypersensitivity_pneumonitis_due_to_organic_dust
HC1046	TTE_respiratory_conditions_due_to_inhalation_of_chemicals,_gases,_fumes_and_vapours
HC1047	TTE_pneumonitis_due_to_solids_and_liquids
HC1048	TTE_respiratory_conditions_due_to_other_external_agents
HC1049	TTE_adult_respiratory_distress_syndrome
HC1050	TTE_pulmonary_oedema
HC1051	TTE_pulmonary_eosinophilia,_not_elsewhere_classified
HC1052	TTE_other_interstitial_pulmonary_diseases
HC1053	TTE_abscess_of_lung_and_mediastinum
HC1054	TTE_pyothorax
HC1055	TTE_pleural_effusion,_not_elsewhere_classified
HC1056	TTE_pleural_effusion_in_conditions_classified_elsewhere
HC1057	TTE_pleural_plaque
HC1058	TTE_pneumothorax
HC1059	TTE_other_pleural_conditions
HC1060	TTE_postprocedural_respiratory_disorders,_not_elsewhere_classified
HC1061	TTE_respiratory_failure,_not_elsewhere_classified
HC1062	TTE_other_respiratory_disorders
HC1063	TTE_respiratory_disorders_in_diseases_classified_elsewhere
HC1064	TTE_disorders_of_tooth_development_and_eruption
HC1065	TTE_embedded_and_impacted_teeth
HC1066	TTE_dental_caries
HC1067	TTE_other_diseases_of_hard_tissues_of_teeth
HC1068	TTE_diseases_of_pulp_and_periapical_tissues
HC1069	TTE_gingivitis_and_periodontal_diseases
HC1070	TTE_other_disorders_of_gingiva_and_edentulous_alveolar_ridge
HC1071	TTE_dentofacial_anomalies_[including_malocclusion]
HC1072	TTE_other_disorders_of_teeth_and_supporting_structures
HC1073	TTE_cysts_of_oral_region,_not_elsewhere_classified
HC1074	TTE_other_diseases_of_jaws
HC1075	TTE_diseases_of_salivary_glands
HC1076	TTE_stomatitis_and_related_lesions
HC1077	TTE_other_diseases_of_lip_and_oral_mucosa
HC1078	TTE_diseases_of_tongue
HC1079	TTE_oesophagitis
HC1080	TTE_gastro-oesophageal_reflux_disease
HC1081	TTE_other_diseases_of_oesophagus
HC1082	TTE_disorders_of_oesophagus_in_diseases_classified_elsewhere
HC1083	TTE_gastric_ulcer
HC1084	TTE_duodenal_ulcer
HC1085	TTE_peptic_ulcer,_site_unspecified
HC1086	TTE_gastrojejunal_ulcer
HC1087	TTE_gastritis_and_duodenitis
HC1088	TTE_dyspepsia
HC1089	TTE_other_diseases_of_stomach_and_duodenum
HC1090	TTE_acute_appendicitis
HC1091	TTE_other_appendicitis
HC1092	TTE_unspecified_appendicitis
HC1093	TTE_other_diseases_of_appendix
HC1094	TTE_inguinal_hernia
HC1095	TTE_femoral_hernia
HC1096	TTE_umbilical_hernia
HC1097	TTE_ventral_hernia
HC1098	TTE_diaphragmatic_hernia
HC1099	TTE_other_abdominal_hernia
HC1100	TTE_unspecified_abdominal_hernia
HC1101	TTE_crohn's_disease_[regional_enteritis]
HC1102	TTE_ulcerative_colitis
HC1103	TTE_other_non-infective_gastro-enteritis_and_colitis
HC1104	TTE_vascular_disorders_of_intestine
HC1105	TTE_paralytic_ileus_and_intestinal_obstruction_without_hernia
HC1106	TTE_diverticular_disease_of_intestine
HC1107	TTE_irritable_bowel_syndrome
HC1108	TTE_other_functional_intestinal_disorders
HC1109	TTE_fissure_and_fistula_of_anal_and_rectal_regions
HC1110	TTE_abscess_of_anal_and_rectal_regions
HC1111	TTE_other_diseases_of_anus_and_rectum
HC1112	TTE_other_diseases_of_intestine
HC1113	TTE_haemorrhoids_and_perianal_venous_thrombosis
HC1114	TTE_peritonitis
HC1115	TTE_other_disorders_of_peritoneum
HC1116	TTE_disorders_of_peritoneum_in_infectious_diseases_classified_elsewhere
HC1117	TTE_alcoholic_liver_disease
HC1118	TTE_toxic_liver_disease
HC1119	TTE_hepatic_failure,_not_elsewhere_classified
HC1120	TTE_chronic_hepatitis,_not_elsewhere_classified
HC1121	TTE_fibrosis_and_cirrhosis_of_liver
HC1122	TTE_other_inflammatory_liver_diseases
HC1123	TTE_other_diseases_of_liver
HC1124	TTE_liver_disorders_in_diseases_classified_elsewhere
HC1125	TTE_cholelithiasis
HC1126	TTE_cholecystitis
HC1127	TTE_other_diseases_of_gallbladder
HC1128	TTE_other_diseases_of_biliary_tract
HC1129	TTE_acute_pancreatitis
HC1130	TTE_other_diseases_of_pancreas
HC1131	TTE_disorders_of_gallbladder,_biliary_tract_and_pancreas_in_diseases_classified_elsewhere
HC1132	TTE_intestinal_malabsorption
HC1133	TTE_postprocedural_disorders_of_digestive_system,_not_elsewhere_classified
HC1134	TTE_other_diseases_of_digestive_system
HC1135	TTE_disorders_of_other_digestive_organs_in_diseases_classified_elsewhere
HC1136	TTE_staphylococcal_scalded_skin_syndrome
HC1137	TTE_impetigo
HC1138	TTE_cutaneous_abscess,_furuncle_and_carbuncle
HC1139	TTE_cellulitis
HC1140	TTE_acute_lymphadenitis
HC1141	TTE_pilonidal_cyst
HC1142	TTE_other_local_infections_of_skin_and_subcutaneous_tissue
HC1143	TTE_pemphigus
HC1144	TTE_other_acantholytic_disorders
HC1145	TTE_pemphigoid
HC1146	TTE_other_bullous_disorders
HC1147	TTE_bullous_disorders_in_diseases_classified_elsewhere
HC1148	TTE_atopic_dermatitis
HC1149	TTE_seborrhoeic_dermatitis
HC1150	TTE_diaper_[napkin]_dermatitis
HC1151	TTE_allergic_contact_dermatitis
HC1152	TTE_irritant_contact_dermatitis
HC1153	TTE_unspecified_contact_dermatitis
HC1154	TTE_exfoliative_dermatitis
HC1155	TTE_dermatitis_due_to_substances_taken_internally
HC1156	TTE_lichen_simplex_chronicus_and_prurigo
HC1157	TTE_pruritus
HC1158	TTE_other_dermatitis
HC1159	TTE_psoriasis
HC1160	TTE_parapsoriasis
HC1161	TTE_pityriasis_rosea
HC1162	TTE_lichen_planus
HC1163	TTE_other_papulosquamous_disorders
HC1164	TTE_urticaria
HC1165	TTE_erythema_multiforme
HC1166	TTE_erythema_nodosum
HC1167	TTE_other_erythematous_conditions
HC1168	TTE_erythema_in_diseases_classified_elsewhere
HC1169	TTE_sunburn
HC1170	TTE_other_acute_skin_changes_due_to_ultraviolet_radiation
HC1171	TTE_skin_changes_due_to_chronic_exposure_to_nonionising_radiation
HC1172	TTE_radiodermatitis
HC1173	TTE_other_disorders_of_skin_and_subcutaneous_tissue_related_to_radiation
HC1174	TTE_nail_disorders
HC1175	TTE_nail_disorders_in_diseases_classified_elsewhere
HC1176	TTE_alopecia_areata
HC1177	TTE_androgenic_alopecia
HC1178	TTE_other_nonscarring_hair_loss
HC1179	TTE_cicatricial_alopecia_[scarring_hair_loss]
HC1180	TTE_hair_colour_and_hair_shaft_abnormalities
HC1181	TTE_hypertrichosis
HC1182	TTE_acne
HC1183	TTE_rosacea
HC1184	TTE_follicular_cysts_of_skin_and_subcutaneous_tissue
HC1185	TTE_other_follicular_disorders
HC1186	TTE_eccrine_sweat_disorders
HC1187	TTE_apocrine_sweat_disorders
HC1188	TTE_vitiligo
HC1189	TTE_other_disorders_of_pigmentation
HC1190	TTE_seborrhoeic_keratosis
HC1191	TTE_acanthosis_nigricans
HC1192	TTE_corns_and_callosities
HC1193	TTE_other_epidermal_thickening
HC1194	TTE_keratoderma_in_diseases_classified_elsewhere
HC1195	TTE_transepidermal_elimination_disorders
HC1196	TTE_pyoderma_gangrenosum
HC1197	TTE_decubitus_ulcer
HC1198	TTE_atrophic_disorders_of_skin
HC1199	TTE_hypertrophic_disorders_of_skin
HC1200	TTE_granulomatous_disorders_of_skin_and_subcutaneous_tissue
HC1201	TTE_lupus_erythematosus
HC1202	TTE_other_localised_connective_tissue_disorders
HC1203	TTE_vasculitis_limited_to_skin,_not_elsewhere_classified
HC1204	TTE_ulcer_of_lower_limb,_not_elsewhere_classified
HC1205	TTE_other_disorders_of_skin_and_subcutaneous_tissue,_not_elsewhere_classified
HC1206	TTE_other_disorders_of_skin_and_subcutaneous_tissue_in_diseases_classified_elsewhere
HC1207	TTE_pyogenic_arthritis
HC1208	TTE_direct_infections_of_joint_in_infectious_and_parasitic_diseases_classified_elsewhere
HC1209	TTE_reactive_arthropathies
HC1210	TTE_postinfective_and_reactive_arthropathies_in_diseases_classified_elsewhere
HC1211	TTE_seropositive_rheumatoid_arthritis
HC1212	TTE_other_rheumatoid_arthritis
HC1213	TTE_psoriatic_and_enteropathic_arthropathies
HC1214	TTE_juvenile_arthritis
HC1215	TTE_gout
HC1216	TTE_other_crystal_arthropathies
HC1217	TTE_other_specific_arthropathies
HC1218	TTE_other_arthritis
HC1219	TTE_arthropathies_in_other_diseases_classified_elsewhere
HC1220	TTE_polyarthrosis
HC1221	TTE_coxarthrosis_[arthrosis_of_hip]
HC1222	TTE_gonarthrosis_[arthrosis_of_knee]
HC1223	TTE_arthrosis_of_first_carpometacarpal_joint
HC1224	TTE_other_arthrosis
HC1225	TTE_acquired_deformities_of_fingers_and_toes
HC1226	TTE_other_acquired_deformities_of_limbs
HC1227	TTE_disorders_of_patella
HC1228	TTE_internal_derangement_of_knee
HC1229	TTE_other_specific_joint_derangements
HC1230	TTE_other_joint_disorders,_not_elsewhere_classified
HC1231	TTE_polyarteritis_nodosa_and_related_conditions
HC1232	TTE_other_necrotising_vasculopathies
HC1233	TTE_systemic_lupus_erythematosus
HC1234	TTE_dermatopolymyositis
HC1235	TTE_systemic_sclerosis
HC1236	TTE_other_systemic_involvement_of_connective_tissue
HC1237	TTE_systemic_disorders_of_connective_tissue_in_diseases_classified_elsewhere
HC1238	TTE_kyphosis_and_lordosis
HC1239	TTE_scoliosis
HC1240	TTE_spinal_osteochondrosis
HC1241	TTE_other_deforming_dorsopathies
HC1242	TTE_ankylosing_spondylitis
HC1243	TTE_other_inflammatory_spondylopathies
HC1244	TTE_spondylosis
HC1245	TTE_other_spondylopathies
HC1246	TTE_spondylopathies_in_diseases_classified_elsewhere
HC1247	TTE_cervical_disk_disorders
HC1248	TTE_other_intervertebral_disk_disorders
HC1249	TTE_other_dorsopathies,_not_elsewhere_classified
HC1250	TTE_dorsalgia
HC1251	TTE_myositis
HC1252	TTE_calcification_and_ossification_of_muscle
HC1253	TTE_other_disorders_of_muscle
HC1254	TTE_disorders_of_muscle_in_diseases_classified_elsewhere
HC1255	TTE_synovitis_and_tenosynovitis
HC1256	TTE_spontaneous_rupture_of_synovium_and_tendon
HC1257	TTE_other_disorders_of_synovium_and_tendon
HC1258	TTE_disorders_of_synovium_and_tendon_in_diseases_classified_elsewhere
HC1259	TTE_soft_tissue_disorders_related_to_use,_overuse_and_pressure
HC1260	TTE_other_bursopathies
HC1261	TTE_fibroblastic_disorders
HC1262	TTE_soft_tissue_disorders_in_diseases_classified_elsewhere
HC1263	TTE_shoulder_lesions
HC1264	TTE_enthesopathies_of_lower_limb,_excluding_foot
HC1265	TTE_other_enthesopathies
HC1266	TTE_other_soft_tissue_disorders,_not_elsewhere_classified
HC1267	TTE_osteoporosis_with_pathological_fracture
HC1268	TTE_osteoporosis_without_pathological_fracture
HC1269	TTE_osteoporosis_in_diseases_classified_elsewhere
HC1270	TTE_adult_osteomalacia
HC1271	TTE_disorders_of_continuity_of_bone
HC1272	TTE_other_disorders_of_bone_density_and_structure
HC1273	TTE_osteomyelitis
HC1274	TTE_osteonecrosis
HC1275	TTE_paget's_disease_of_bone_[osteitis_deformans]
HC1276	TTE_other_disorders_of_bone
HC1277	TTE_osteopathies_in_diseases_classified_elsewhere
HC1278	TTE_juvenile_osteochondrosis_of_hip_and_pelvis
HC1279	TTE_other_juvenile_osteochondrosis
HC1280	TTE_other_osteochondropathies
HC1281	TTE_other_disorders_of_cartilage
HC1282	TTE_other_acquired_deformities_of_musculoskeletal_system_and_connective_tissue
HC1283	TTE_postprocedural_musculoskeletal_disorders,_not_elsewhere_classified
HC1284	TTE_biomechanical_lesions,_not_elsewhere_classified
HC1285	TTE_acute_nephritic_syndrome
HC1286	TTE_rapidly_progressive_nephritic_syndrome
HC1287	TTE_recurrent_and_persistent_haematuria
HC1288	TTE_chronic_nephritic_syndrome
HC1289	TTE_nephrotic_syndrome
HC1290	TTE_unspecified_nephritic_syndrome
HC1291	TTE_isolated_proteinuria_with_specified_morphological_lesion
HC1292	TTE_hereditary_nephropathy,_not_elsewhere_classified
HC1293	TTE_glomerular_disorders_in_diseases_classified_elsewhere
HC1294	TTE_acute_tubulo-interstitial_nephritis
HC1295	TTE_chronic_tubulo-interstitial_nephritis
HC1296	TTE_tubulo-interstitial_nephritis,_not_specified_as_acute_or_chronic
HC1297	TTE_obstructive_and_reflux_uropathy
HC1298	TTE_drug-_and_heavy-metal-induced_tubulo-interstitial_and_tubular_conditions
HC1299	TTE_other_renal_tubulo-interstitial_diseases
HC1300	TTE_renal_tubulo-interstitial_disorders_in_diseases_classified_elsewhere
HC1301	TTE_acute_renal_failure
HC1302	TTE_chronic_renal_failure
HC1303	TTE_unspecified_renal_failure
HC1304	TTE_calculus_of_kidney_and_ureter
HC1305	TTE_calculus_of_lower_urinary_tract
HC1306	TTE_calculus_of_urinary_tract_in_diseases_classified_elsewhere
HC1307	TTE_unspecified_renal_colic
HC1308	TTE_disorders_resulting_from_impaired_renal_tubular_function
HC1309	TTE_unspecified_contracted_kidney
HC1310	TTE_small_kidney_of_unknown_cause
HC1311	TTE_other_disorders_of_kidney_and_ureter,_not_elsewhere_classified
HC1312	TTE_other_disorders_of_kidney_and_ureter_in_diseases_classified_elsewhere
HC1313	TTE_cystitis
HC1314	TTE_neuromuscular_dysfunction_of_bladder,_not_elsewhere_classified
HC1315	TTE_other_disorders_of_bladder
HC1316	TTE_bladder_disorders_in_diseases_classified_elsewhere
HC1317	TTE_urethritis_and_urethral_syndrome
HC1318	TTE_urethral_stricture
HC1319	TTE_other_disorders_of_urethra
HC1320	TTE_urethral_disorders_in_diseases_classified_elsewhere
HC1321	TTE_other_disorders_of_urinary_system
HC1322	TTE_hyperplasia_of_prostate
HC1323	TTE_inflammatory_diseases_of_prostate
HC1324	TTE_other_disorders_of_prostate
HC1325	TTE_hydrocele_and_spermatocele
HC1326	TTE_torsion_of_testis
HC1327	TTE_orchitis_and_epididymitis
HC1328	TTE_male_infertility
HC1329	TTE_redundant_prepuce,_phimosis_and_paraphimosis
HC1330	TTE_other_disorders_of_penis
HC1331	TTE_inflammatory_disorders_of_male_genital_organs,_not_elsewhere_classified
HC1332	TTE_other_disorders_of_male_genital_organs
HC1333	TTE_disorders_of_male_genital_organs_in_diseases_classified_elsewhere
HC1334	TTE_benign_mammary_dysplasia
HC1335	TTE_inflammatory_disorders_of_breast
HC1336	TTE_hypertrophy_of_breast
HC1337	TTE_unspecified_lump_in_breast
HC1338	TTE_other_disorders_of_breast
HC1339	TTE_salpingitis_and_oophoritis
HC1340	TTE_inflammatory_disease_of_uterus,_except_cervix
HC1341	TTE_inflammatory_disease_of_cervix_uteri
HC1342	TTE_other_female_pelvic_inflammatory_diseases
HC1343	TTE_female_pelvic_inflammatory_disorders_in_diseases_classified_elsewhere
HC1344	TTE_diseases_of_bartholin's_gland
HC1345	TTE_other_inflammation_of_vagina_and_vulva
HC1346	TTE_vulvovaginal_ulceration_and_inflammation_in_diseases_classified_elsewhere
HC1347	TTE_endometriosis
HC1348	TTE_female_genital_prolapse
HC1349	TTE_fistulae_involving_female_genital_tract
HC1350	TTE_noninflammatory_disorders_of_ovary,_fallopian_tube_and_broad_ligament
HC1351	TTE_polyp_of_female_genital_tract
HC1352	TTE_other_noninflammatory_disorders_of_uterus,_except_cervix
HC1353	TTE_erosion_and_ectropion_of_cervix_uteri
HC1354	TTE_dysplasia_of_cervix_uteri
HC1355	TTE_other_noninflammatory_disorders_of_cervix_uteri
HC1356	TTE_other_noninflammatory_disorders_of_vagina
HC1357	TTE_other_noninflammatory_disorders_of_vulva_and_perineum
HC1358	TTE_absent,_scanty_and_rare_menstruation
HC1359	TTE_excessive,_frequent_and_irregular_menstruation
HC1360	TTE_other_abnormal_uterine_and_vaginal_bleeding
HC1361	TTE_pain_and_other_conditions_associated_with_female_genital_organs_and_menstrual_cycle
HC1362	TTE_menopausal_and_other_perimenopausal_disorders
HC1363	TTE_habitual_aborter
HC1364	TTE_female_infertility
HC1365	TTE_complications_associated_with_artificial_fertilisation
HC1366	TTE_postprocedural_disorders_of_genito-urinary_system,_not_elsewhere_classified
HC1367	TTE_ectopic_pregnancy
HC1368	TTE_hydatidiform_mole
HC1369	TTE_other_abnormal_products_of_conception
HC1370	TTE_spontaneous_abortion
HC1371	TTE_medical_abortion
HC1372	TTE_other_abortion
HC1373	TTE_unspecified_abortion
HC1374	TTE_failed_attempted_abortion
HC1375	TTE_complications_following_abortion_and_ectopic_and_molar_pregnancy
HC1376	TTE_pre-existing_hypertension_complicating_pregnancy,_childbirth_and_the_puerperium
HC1377	TTE_pre-existing_hypertensive_disorder_with_superimposed_proteinuria
HC1378	TTE_gestational_[pregnancy-induced]_oedema_and_proteinuria_without_hypertension
HC1379	TTE_gestational_[pregnancy-induced]_hypertension_without_significant_proteinuria
HC1380	TTE_gestational_[pregnancy-induced]_hypertension_with_significant_proteinuria
HC1381	TTE_eclampsia
HC1382	TTE_unspecified_maternal_hypertension
HC1383	TTE_haemorrhage_in_early_pregnancy
HC1384	TTE_excessive_vomiting_in_pregnancy
HC1385	TTE_venous_complications_in_pregnancy
HC1386	TTE_infections_of_genito-urinary_tract_in_pregnancy
HC1387	TTE_diabetes_mellitus_in_pregnancy
HC1388	TTE_malnutrition_in_pregnancy
HC1389	TTE_maternal_care_for_other_conditions_predominantly_related_to_pregnancy
HC1390	TTE_abnormal_findings_on_antenatal_screening_of_mother
HC1391	TTE_complications_of_anaesthesia_during_pregnancy
HC1392	TTE_multiple_gestation
HC1393	TTE_complications_specific_to_multiple_gestation
HC1394	TTE_maternal_care_for_known_or_suspected_malpresentation_of_foetus
HC1395	TTE_maternal_care_for_known_or_suspected_disproportion
HC1396	TTE_maternal_care_for_known_or_suspected_abnormality_of_pelvic_organs
HC1397	TTE_maternal_care_for_known_or_suspected_foetal_abnormality_and_damage
HC1398	TTE_maternal_care_for_other_known_or_suspected_foetal_problems
HC1399	TTE_polyhydramnios
HC1400	TTE_other_disorders_of_amniotic_fluid_and_membranes
HC1401	TTE_premature_rupture_of_membranes
HC1402	TTE_placental_disorders
HC1403	TTE_placenta_praevia
HC1404	TTE_premature_separation_of_placenta_[abruptio_placentae]
HC1405	TTE_antepartum_haemorrhage,_not_elsewhere_classified
HC1406	TTE_false_labour
HC1407	TTE_prolonged_pregnancy
HC1408	TTE_preterm_delivery
HC1409	TTE_failed_induction_of_labour
HC1410	TTE_abnormalities_of_forces_of_labour
HC1411	TTE_long_labour
HC1412	TTE_obstructed_labour_due_to_malposition_and_malpresentation_of_foetus
HC1413	TTE_obstructed_labour_due_to_maternal_pelvic_abnormality
HC1414	TTE_other_obstructed_labour
HC1415	TTE_labour_and_delivery_complicated_by_intrapartum_haemorrhage,_not_elsewhere_classified
HC1416	TTE_labour_and_delivery_complicated_by_foetal_stress_[distress]
HC1417	TTE_labour_and_delivery_complicated_by_umbilical_cord_complications
HC1418	TTE_perineal_laceration_during_delivery
HC1419	TTE_other_obstetric_trauma
HC1420	TTE_postpartum_haemorrhage
HC1421	TTE_retained_placenta_and_membranes,_without_haemorrhage
HC1422	TTE_complications_of_anaesthesia_during_labour_and_delivery
HC1423	TTE_other_complications_of_labour_and_delivery,_not_elsewhere_classified
HC1424	TTE_single_spontaneous_delivery
HC1425	TTE_single_delivery_by_forceps_and_vacuum_extractor
HC1426	TTE_single_delivery_by_caesarean_section
HC1427	TTE_other_assisted_single_delivery
HC1428	TTE_multiple_delivery
HC1429	TTE_puerperal_sepsis
HC1430	TTE_other_puerperal_infections
HC1431	TTE_venous_complications_in_the_puerperium
HC1432	TTE_obstetric_embolism
HC1433	TTE_complications_of_anaesthesia_during_the_puerperium
HC1434	TTE_complications_of_the_puerperium,_not_elsewhere_classified
HC1435	TTE_infections_of_breast_associated_with_childbirth
HC1436	TTE_other_disorders_of_breast_and_lactation_associated_with_childbirth
HC1437	TTE_sequelae_of_complication_of_pregnancy,_childbirth_and_the_puerperium
HC1438	TTE_death_from_any_obstetric_cause_occurring_more_than_42_days_but_les
HC1439	TTE_maternal_infectious_and_parasitic_diseases_classifiable_elsewhere_but_complicating_pregnancy,_childbirth_an
HC1440	TTE_other_maternal_diseases_classifiable_elsewhere_but_complicating_pregnancy,_childbirth_and_the_puerperium
HC1441	TTE_foetus_and_newborn_affected_by_maternal_conditions_that_may_be_unrelated_t
HC1442	TTE_foetus_and_newborn_affected_by_complications_of_placenta,_cord_and_membranes
HC1443	TTE_foetus_and_newborn_affected_by_other_complications_of_labour_and_delivery
HC1444	TTE_foetus_and_newborn_affected_by_noxious_influences_transmitted_via_placenta_or_breas
HC1445	TTE_slow_foetal_growth_and_foetal_malnutrition
HC1446	TTE_disorders_related_to_short_gestation_and_low_birth_weight,_not_elsewhere_classified
HC1447	TTE_disorders_related_to_long_gestation_and_high_birth_weight
HC1448	TTE_intracranial_laceration_and_haemorrhage_due_to_birth_injury
HC1449	TTE_other_birth_injuries_to_central_nervous_system
HC1450	TTE_birth_injury_to_scalp
HC1451	TTE_birth_injury_to_skeleton
HC1452	TTE_birth_injury_to_peripheral_nervous_system
HC1453	TTE_other_birth_injuries
HC1454	TTE_intra-uterine_hypoxia
HC1455	TTE_birth_asphyxia
HC1456	TTE_respiratory_distress_of_newborn
HC1457	TTE_congenital_pneumonia
HC1458	TTE_neonatal_aspiration_syndromes
HC1459	TTE_interstitial_emphysema_and_related_conditions_originating_in_the_perinatal_period
HC1460	TTE_pulmonary_haemorrhage_originating_in_the_perinatal_period
HC1461	TTE_chronic_respiratory_disease_originating_in_the_perinatal_period
HC1462	TTE_other_respiratory_conditions_originating_in_the_perinatal_period
HC1463	TTE_cardiovascular_disorders_originating_in_the_perinatal_period
HC1464	TTE_congenital_viral_diseases
HC1465	TTE_bacterial_sepsis_of_newborn
HC1466	TTE_other_congenital_infectious_and_parasitic_diseases
HC1467	TTE_omphalitis_of_newborn_with_or_without_mild_haemorrhage
HC1468	TTE_other_infections_specific_to_the_perinatal_period
HC1469	TTE_foetal_blood_loss
HC1470	TTE_umbilical_haemorrhage_of_newborn
HC1471	TTE_intracranial_nontraumatic_haemorrhage_of_foetus_and_newborn
HC1472	TTE_haemorrhagic_disease_of_foetus_and_newborn
HC1473	TTE_other_neonatal_haemorrhages
HC1474	TTE_haemolytic_disease_of_foetus_and_newborn
HC1475	TTE_neonatal_jaundice_due_to_other_excessive_haemolysis
HC1476	TTE_neonatal_jaundice_from_other_and_unspecified_causes
HC1477	TTE_other_perinatal_haematological_disorders
HC1478	TTE_transitory_disorders_of_carbohydrate_metabolism_specific_to_foetus_and_newborn
HC1479	TTE_transitory_neonatal_disorders_of_calcium_and_magnesium_metabolism
HC1480	TTE_other_perinatal_digestive_system_disorders
HC1481	TTE_other_conditions_of_integument_specific_to_foetus_and_newborn
HC1482	TTE_other_disturbances_of_cerebral_status_of_newborn
HC1483	TTE_feeding_problems_of_newborn
HC1484	TTE_disorders_of_muscle_tone_of_newborn
HC1485	TTE_foetal_death_of_unspecified_cause
HC1486	TTE_other_conditions_originating_in_the_perinatal_period
HC1487	TTE_anencephaly_and_similar_malformations
HC1488	TTE_encephalocele
HC1489	TTE_microcephaly
HC1490	TTE_congenital_hydrocephalus
HC1491	TTE_other_congenital_malformations_of_brain
HC1492	TTE_spina_bifida
HC1493	TTE_other_congenital_malformations_of_spinal_cord
HC1494	TTE_other_congenital_malformations_of_nervous_system
HC1495	TTE_congenital_malformations_of_eyelid,_lachrymal_apparatus_and_orbit
HC1496	TTE_anophthalmos,_microphthalmos_and_macrophthalmos
HC1497	TTE_congenital_lens_malformations
HC1498	TTE_congenital_malformations_of_anterior_segment_of_eye
HC1499	TTE_congenital_malformations_of_posterior_segment_of_eye
HC1500	TTE_other_congenital_malformations_of_eye
HC1501	TTE_congenital_malformations_of_ear_causing_impairment_of_hearing
HC1502	TTE_other_congenital_malformations_of_ear
HC1503	TTE_other_congenital_malformations_of_face_and_neck
HC1504	TTE_congenital_malformations_of_cardiac_chambers_and_connexions
HC1505	TTE_congenital_malformations_of_cardiac_septa
HC1506	TTE_congenital_malformations_of_pulmonary_and_tricuspid_valves
HC1507	TTE_congenital_malformations_of_aortic_and_mitral_valves
HC1508	TTE_other_congenital_malformations_of_heart
HC1509	TTE_congenital_malformations_of_great_arteries
HC1510	TTE_congenital_malformations_of_great_veins
HC1511	TTE_other_congenital_malformations_of_peripheral_vascular_system
HC1512	TTE_other_congenital_malformations_of_circulatory_system
HC1513	TTE_congenital_malformations_of_nose
HC1514	TTE_congenital_malformations_of_larynx
HC1515	TTE_congenital_malformations_of_trachea_and_bronchus
HC1516	TTE_congenital_malformations_of_lung
HC1517	TTE_other_congenital_malformations_of_respiratory_system
HC1518	TTE_cleft_palate
HC1519	TTE_cleft_lip
HC1520	TTE_cleft_palate_with_cleft_lip
HC1521	TTE_other_congenital_malformations_of_tongue,_mouth_and_pharynx
HC1522	TTE_congenital_malformations_of_oesophagus
HC1523	TTE_other_congenital_malformations_of_upper_alimentary_tract
HC1524	TTE_congenital_absence,_atresia_and_stenosis_of_small_intestine
HC1525	TTE_congenital_absence,_atresia_and_stenosis_of_large_intestine
HC1526	TTE_other_congenital_malformations_of_intestine
HC1527	TTE_congenital_malformations_of_gallbladder,_bile_ducts_and_liver
HC1528	TTE_other_congenital_malformations_of_digestive_system
HC1529	TTE_congenital_malformations_of_ovaries,_fallopian_tubes_and_broad_ligaments
HC1530	TTE_congenital_malformations_of_uterus_and_cervix
HC1531	TTE_other_congenital_malformations_of_female_genitalia
HC1532	TTE_undescended_testicle
HC1533	TTE_hypospadias
HC1534	TTE_other_congenital_malformations_of_male_genital_organs
HC1535	TTE_indeterminate_sex_and_pseudohermaphroditism
HC1536	TTE_renal_agenesis_and_other_reduction_defects_of_kidney
HC1537	TTE_cystic_kidney_disease
HC1538	TTE_congenital_obstructive_defects_of_renal_pelvis_and_congenital_malformations_of_ureter
HC1539	TTE_other_congenital_malformations_of_kidney
HC1540	TTE_other_congenital_malformations_of_urinary_system
HC1541	TTE_congenital_deformities_of_hip
HC1542	TTE_congenital_deformities_of_feet
HC1543	TTE_congenital_musculoskeletal_deformities_of_head,_face,_spine_and_chest
HC1544	TTE_other_congenital_musculoskeletal_deformities
HC1545	TTE_polydactyly
HC1546	TTE_syndactyly
HC1547	TTE_reduction_defects_of_upper_limb
HC1548	TTE_reduction_defects_of_lower_limb
HC1549	TTE_reduction_defects_of_unspecified_limb
HC1550	TTE_other_congenital_malformations_of_limb(s)
HC1551	TTE_other_congenital_malformations_of_skull_and_face_bones
HC1552	TTE_congenital_malformations_of_spine_and_bony_thorax
HC1553	TTE_osteochondrodysplasia_with_defects_of_growth_of_tubular_bones_and_spine
HC1554	TTE_other_osteochondrodysplasias
HC1555	TTE_congenital_malformations_of_musculoskeletal_system,_not_elsewhere_classified
HC1556	TTE_congenital_ichthyosis
HC1557	TTE_epidermolysis_bullosa
HC1558	TTE_other_congenital_malformations_of_skin
HC1559	TTE_congenital_malformations_of_breast
HC1560	TTE_other_congenital_malformations_of_integument
HC1561	TTE_phakomatoses,_not_elsewhere_classified
HC1562	TTE_congenital_malformation_syndromes_due_to_known_exogenous_causes,_not_elsewhere_classified
HC1563	TTE_other_specified_congenital_malformation_syndromes_affecting_multiple_systems
HC1564	TTE_other_congenital_malformations,_not_elsewhere_classified
HC1565	TTE_down's_syndrome
HC1566	TTE_edwards'_syndrome_and_patau's_syndrome
HC1567	TTE_other_trisomies_and_partial_trisomies_of_the_autosomes,_not_elsewhere_classified
HC1568	TTE_monosomies_and_deletions_from_the_autosomes,_not_elsewhere_classified
HC1569	TTE_balanced_rearrangements_and_structural_markers,_not_elsewhere_classified
HC1570	TTE_turner's_syndrome
HC1571	TTE_other_sex_chromosome_abnormalities,_female_phenotype,_not_elsewhere_classified
HC1572	TTE_other_sex_chromosome_abnormalities,_male_phenotype,_not_elsewhere_classified
HC1573	TTE_other_chromosome_abnormalities,_not_elsewhere_classified
HC1574	AD_myocardial_infarction
HC1575	AD_STEMI
HC1576	AD_NSTEMI
HC1577	AD_stroke
HC1578	AD_ischaemic_stroke
HC1579	AD_intracerebral_haemorrhage
HC1580	AD_subarachnoid_haemorrhage
HC1581	AD_asthma
HC1582	AD_chronic_obstructive_pulmonary_disease
HC1583	AD_all_cause_dementia
HC1584	AD_alzheimer's_disease
HC1585	AD_vascular_dementia
HC1586	AD_frontotemporal_dementia
HC1587	AD_end_stage_renal_disease
HC1588	AD_motor_neurone_disease
HC1589	AD_all_cause_parkinsonism
HC1590	AD_parkinson's_disease
HC1591	AD_progressive_supranuclear_palsy
HC1592	AD_multiple_system_atrophy
