V	gene_symbol	protein_change	aa	most_severe_consequence	MPC
1:21560662:C:T	ALPL	Ala33Val	33	missense variant	1.13282311063
1:21560670:A:C	ALPL	Thr36Pro	36	missense variant	1.3615759966999998
1:21560691:C:T	ALPL	Leu43Phe	43	missense variant	1.14057088863
1:21560701:T:C	ALPL	Leu46Pro	46	missense variant	1.5673123870899999
1:21560725:T:A	ALPL	Ser16Thr	16	missense variant	1.35726296777
1:21560740:G:A	ALPL	Gly59Glu	59	missense variant	1.41807407564
1:21561101:G:A	ALPL	Met62Ile	62	missense variant	1.30699883101
1:21561118:C:T	ALPL	Thr13Met	13	missense variant	1.26185764747
1:21561126:C:T	ALPL	Arg16Cys	16	missense variant	1.45453076838
1:21561127:G:C	ALPL	Arg71Pro	71	missense variant	1.50341484679
1:21561127:G:A	ALPL	Arg16His	16	missense variant	1.3810289446500001
1:21561130:T:C	ALPL	Ile17Thr	17	missense variant	1.39328858559
1:21561136:A:G	ALPL	Lys74Arg	74	missense variant	1.10527459475
1:21561142:A:G	ALPL	Gln76Arg	76	missense variant	1.28596125054
1:21561178:A:T	ALPL	Glu88Val	88	missense variant	1.28454726725
1:21561198:G:A	ALPL	Val40Met	40	missense variant	1.18144996248
1:21563111:C:T	ALPL	Thr100Met	100	missense variant	1.26589583646
1:21563117:A:C	ALPL	Asn102Thr	102	missense variant	1.22481939795
1:21563119:A:G	ALPL	Thr103Ala	103	missense variant	1.2208827708
1:21563130:G:C	ALPL	Gln29His	29	missense variant	1.20105163601
1:21563143:G:A	ALPL	Ala56Thr	56	missense variant	1.21801842187
1:21563146:G:A	ALPL	Gly57Ser	57	missense variant	1.23558500753
1:21563152:G:A	ALPL	Ala59Thr	59	missense variant	1.21594706112
1:21563158:G:A	ALPL	Ala39Thr	39	missense variant	1.21594706112
1:21563161:T:C	ALPL	Tyr117His	117	missense variant	1.40884785401
1:21563162:A:G	ALPL	Tyr117Cys	117	missense variant	1.3862225529199999
1:21563192:C:A	ALPL	Thr127Asn	127	missense variant	1.3152529792799998
1:21563194:G:A	ALPL	Val128Met	128	missense variant	1.21064132855
1:21563200:G:A	ALPL	Val53Ile	53	missense variant	1.10667824109
1:21563200:G:T	ALPL	Val130Leu	130	missense variant	1.22262797902
1:21563206:G:A	ALPL	Ala132Thr	132	missense variant	1.21594706112
1:21563209:G:A	ALPL	Ala56Thr	56	missense variant	1.1763898566600002
1:21563212:A:C	ALPL	Thr134Pro	134	missense variant	1.23333872922
1:21563213:C:A	ALPL	Thr79Asn	79	missense variant	1.14282056012
1:21563219:G:A	ALPL	Arg136His	136	missense variant	1.38724322197
1:21563224:C:T	ALPL	Arg83Trp	83	missense variant	1.1147872891500001
1:21563234:C:T	ALPL	Thr141Ile	141	missense variant	1.2716327103
1:21563243:G:A	ALPL	Gly144Glu	144	missense variant	1.4171152166
1:21563248:G:A	ALPL	Glu146Lys	146	missense variant	1.21975213468
1:21563255:C:T	ALPL	Thr148Ile	148	missense variant	1.2737914311
1:21563267:G:C	ALPL	Arg152Pro	152	missense variant	1.3470133072100001
1:21564052:G:A	ALPL	Gly107Ser	107	missense variant	1.23558500753
1:21564068:C:T	ALPL	Thr112Met	112	missense variant	1.26589583646
1:21564079:C:T	ALPL	His171Tyr	171	missense variant	1.34192024319
1:21564080:A:G	ALPL	His171Arg	171	missense variant	1.37614566276
1:21564086:C:T	ALPL	Thr118Ile	118	missense variant	1.28880310351
1:21564091:A:G	ALPL	Ser120Gly	120	missense variant	1.13360594399
1:21564094:G:A	ALPL	Ala176Thr	176	missense variant	1.20472787136
1:21564100:T:C	ALPL	Tyr123His	123	missense variant	1.4171152166
1:21564104:C:G	ALPL	Ala102Gly	102	missense variant	1.1437674499400001
1:21564118:C:G	ALPL	Arg129Gly	129	missense variant	1.39614750633
1:21564139:G:A	ALPL	Glu191Lys	191	missense variant	1.05928360356
1:21564199:A:G	ALPL	Asn134Asp	134	missense variant	1.23784296459
1:21568105:T:C	ALPL	Val217Ala	217	missense variant	1.33416477849
1:21568109:C:G	ALPL	Ile218Met	218	missense variant	1.00247880855
1:21568113:G:A	ALPL	Gly220Arg	220	missense variant	1.36121493711
1:21568122:C:T	ALPL	Arg146Trp	146	missense variant	1.26589583646
1:21568123:G:A	ALPL	Arg223Gln	223	missense variant	1.1084896210200001
1:21568123:G:T	ALPL	Arg146Leu	146	missense variant	1.3573821975600002
1:21568128:T:C	ALPL	Tyr170His	170	missense variant	1.4107314141999998
1:21568132:T:C	ALPL	Met226Thr	226	missense variant	1.29238177164
1:21568133:G:A	ALPL	Met226Ile	226	missense variant	1.18673069
1:21568176:A:G	ALPL	Lys241Glu	241	missense variant	1.16437380331
1:21568189:C:T	ALPL	Thr168Met	168	missense variant	1.24496420247
1:21568193:G:T	ALPL	Arg191Ser	191	missense variant	1.23558500753
1:21568201:G:T	ALPL	Gly249Val	249	missense variant	1.37143983105
1:21570309:C:A	ALPL	Ser189Tyr	189	missense variant	1.27794266167
1:21570309:C:G	ALPL	Ser211Cys	211	missense variant	1.0779889044
1:21570309:C:T	ALPL	Ser189Phe	189	missense variant	1.11683843189
1:21570326:C:T	ALPL	Arg272Cys	272	missense variant	1.4280614856600002
1:21570327:G:C	ALPL	Arg272Pro	272	missense variant	1.4588774966299998
1:21570373:G:C	ALPL	Leu287Phe	287	missense variant	1.29238177164
1:21573676:C:A	ALPL	Pro215Thr	215	missense variant	1.3147122065999999
1:21573686:T:C	ALPL	Met218Thr	218	missense variant	1.3257685674700002
1:21573692:A:T	ALPL	Tyr297Phe	297	missense variant	1.1615539468
1:21573694:G:C	ALPL	Glu298Gln	298	missense variant	1.13941431143
1:21573705:G:T	ALPL	Arg224Ser	224	missense variant	1.31309391701
1:21573708:C:A	ALPL	Asn247Lys	247	missense variant	1.23048034304
1:21573722:C:T	ALPL	Pro307Leu	307	missense variant	1.25530392676
1:21573733:G:A	ALPL	Glu311Lys	311	missense variant	1.26637908395
1:21573763:C:T	ALPL	Arg321Trp	321	missense variant	1.04732435753
1:21573781:T:C	ALPL	Phe327Leu	327	missense variant	1.33620425541
1:21573782:T:G	ALPL	Phe272Cys	272	missense variant	1.50291441138
1:21575757:A:C	ALPL	His341Pro	341	missense variant	1.56634664402
1:21575760:A:T	ALPL	Glu342Val	342	missense variant	1.26243223783
1:21575784:A:G	ALPL	His42Arg	42	missense variant	1.30625617506
1:21575797:G:C	ALPL	Glu46Asp	46	missense variant	1.0384803631200001
1:21575804:C:T	ALPL	Arg302Trp	302	missense variant	1.15988591427
1:21575812:C:G	ALPL	Ile359Met	359	missense variant	1.2412977013200002
1:21575813:G:A	ALPL	Gly52Arg	52	missense variant	1.16759706748
1:21575835:C:T	ALPL	Ser367Phe	367	missense variant	1.29289542573
1:21575901:C:T	ALPL	Thr334Ile	334	missense variant	1.28003325233
1:21575906:C:T	ALPL	Arg83Cys	83	missense variant	1.45289332366
1:21575907:G:A	ALPL	Arg391His	391	missense variant	1.3763947562399999
1:21575910:G:C	ALPL	Gly392Ala	392	missense variant	1.20405714615
1:21576522:G:T	ALPL	Gly397Val	397	missense variant	1.39160802738
1:21576582:A:G	ALPL	Asn340Ser	340	missense variant	1.0990466190200001
1:21576594:A:G	ALPL	Tyr421Cys	421	missense variant	1.38762659215
1:21576615:G:A	ALPL	Arg428Gln	428	missense variant	1.33836747791
1:21576639:A:G	ALPL	Tyr128Cys	128	missense variant	1.3814068659
1:21577401:C:T	ALPL	Ala443Val	443	missense variant	1.23630627734
1:21577406:T:C	ALPL	Ser390Pro	390	missense variant	1.37465409467
1:21577421:C:T	ALPL	Arg142Cys	142	missense variant	1.3882662954299998
1:21577422:G:A	ALPL	Arg373His	373	missense variant	1.2915611866399999
1:21577430:A:G	ALPL	Thr453Ala	453	missense variant	1.22420468521
1:21577436:G:A	ALPL	Gly455Ser	455	missense variant	1.22702193073
1:21577448:G:T	ALPL	Val382Leu	382	missense variant	1.22675703625
1:21577455:T:C	ALPL	Val461Ala	461	missense variant	1.2915611866399999
1:21577461:C:G	ALPL	Ser386Cys	386	missense variant	1.0295325269700002
1:21577469:C:G	ALPL	Pro389Ala	389	missense variant	1.220273601
1:21577475:G:A	ALPL	Ala468Thr	468	missense variant	1.21801842187
1:21577476:C:T	ALPL	Ala391Val	391	missense variant	1.23630627734
1:21577476:C:G	ALPL	Ala160Gly	160	missense variant	1.24312708263
1:21577478:C:T	ALPL	His414Tyr	414	missense variant	1.34077101129
1:21577490:G:A	ALPL	Gly473Ser	473	missense variant	1.23558500753
1:21577493:G:A	ALPL	Val474Ile	474	missense variant	1.10862409834
1:21577499:G:A	ALPL	Glu476Lys	476	missense variant	1.31960357396
1:21577509:A:G	ALPL	Tyr171Cys	171	missense variant	1.38852244081
1:21577514:C:T	ALPL	Pro404Ser	404	missense variant	1.20624080121
1:21577517:C:A	ALPL	His405Asn	405	missense variant	1.30182671262
1:21577517:C:T	ALPL	His427Tyr	427	missense variant	1.34192024319
1:21577524:T:G	ALPL	Met484Arg	484	missense variant	1.54746950989
1:21577525:G:C	ALPL	Met484Ile	484	missense variant	1.14035379566
1:21577525:G:T	ALPL	Met484Ile	484	missense variant	1.14035379566
1:21577530:A:G	ALPL	Tyr178Cys	178	missense variant	1.38852244081
1:21577533:C:T	ALPL	Ala487Val	487	missense variant	1.23558500753
1:21577544:G:A	ALPL	Gly436Arg	436	missense variant	1.36121493711
1:21577550:A:G	ALPL	Asn438Asp	438	missense variant	1.23720955238
