PHEN	cluster	shortname
INI25661	1	WA ICVF in tract forceps minor
INI25672	1	WA ICVF in tract superior longitudinal fasciculus (R)
INI25378	2	Mean ICVF in cingulum cingulate gyrus on FA skeleton (R)
INI25671	2	WA ICVF in tract superior longitudinal fasciculus (L)
INI25347	3	Mean ICVF in body of corpus callosum on FA skeleton
INI25346	4	Mean ICVF in genu of corpus callosum on FA skeleton
INI25348	5	Mean ICVF in splenium of corpus callosum on FA skeleton
INI25374	6	Mean ICVF in sagittal stratum on FA skeleton (R)
INI25662	6	WA ICVF in tract inferior fronto-occipital fasciculus (L)
INI25663	6	WA ICVF in tract inferior fronto-occipital fasciculus (R)
INI25664	6	WA ICVF in tract inferior longitudinal fasciculus (L)
INI25665	6	WA ICVF in tract inferior longitudinal fasciculus (R)
INI25674	7	WA ICVF in tract superior thalamic radiation (R)
INI25366	8	Mean ICVF in anterior corona radiata on FA skeleton (R)
INI25367	8	Mean ICVF in anterior corona radiata on FA skeleton (L)
INI25369	8	Mean ICVF in superior corona radiata on FA skeleton (L)
INI25384	8	Mean ICVF in superior longitudinal fasciculus on FA skeleton (R)
INI25385	8	Mean ICVF in superior longitudinal fasciculus on FA skeleton (L)
INI25379	9	Mean ICVF in cingulum cingulate gyrus on FA skeleton (L)
INI25655	9	WA ICVF in tract cingulate gyrus part of cingulum (R)
INI25673	9	WA ICVF in tract superior thalamic radiation (L)
INI25084	10	Mean FA in posterior thalamic radiation on FA skeleton (R)
INI25508	10	WA FA in tract posterior thalamic radiation (R)
INI25501	11	WA FA in tract inferior fronto-occipital fasciculus (R)
INI25503	12	WA FA in tract inferior longitudinal fasciculus (R)
INI25362	13	Mean ICVF in posterior limb of internal capsule on FA skeleton (R)
INI25652	13	WA ICVF in tract anterior thalamic radiation (L)
INI25653	13	WA ICVF in tract anterior thalamic radiation (R)
INI25654	13	WA ICVF in tract cingulate gyrus part of cingulum (L)
INI25510	14	WA FA in tract superior longitudinal fasciculus (R)
INI25370	15	Mean ICVF in posterior corona radiata on FA skeleton (R)
INI25371	15	Mean ICVF in posterior corona radiata on FA skeleton (L)
INI25499	16	WA FA in tract forceps minor
INI25660	17	WA ICVF in tract forceps major
INI25364	18	Mean ICVF in retrolenticular part of internal capsule on FA skeleton (R)
INI25365	18	Mean ICVF in retrolenticular part of internal capsule on FA skeleton (L)
INI25375	18	Mean ICVF in sagittal stratum on FA skeleton (L)
INI25669	18	WA ICVF in tract posterior thalamic radiation (L)
INI25670	18	WA ICVF in tract posterior thalamic radiation (R)
INI25650	19	WA ICVF in tract acoustic radiation (L)
INI25651	19	WA ICVF in tract acoustic radiation (R)
INI25676	20	WA ICVF in tract uncinate fasciculus (R)
INI25372	21	Mean ICVF in posterior thalamic radiation on FA skeleton (R)
INI25373	21	Mean ICVF in posterior thalamic radiation on FA skeleton (L)
INI25368	22	Mean ICVF in superior corona radiata on FA skeleton (R)
INI25659	22	WA ICVF in tract corticospinal tract (R)
INI23111	23	Leg fat % (R)
INI23115	23	Leg fat % (L)
INI23099	24	Body fat %
INI23119	24	Arm fat % (R)
INI23123	24	Arm fat % (L)
INI23127	24	Trunk fat %
INI21002	25	Weight
INI49	25	Hip circumference
INI21001	26	BMI
INI23120	26	Arm fat mass (R)
INI23124	26	Arm fat mass (L)
INI23100	27	Whole body fat mass
INI23112	27	Leg fat mass (R)
INI23116	27	Leg fat mass (L)
INI23128	27	Trunk fat mass
INI48	27	Waist circumference
INI23101	28	Whole body fat-free mass
INI23102	28	Whole body water mass
INI23105	28	Basal metabolic rate
INI23113	28	Leg fat-free mass (R)
INI23114	28	Leg pred. mass (R)
INI23117	28	Leg fat-free mass (L)
INI23118	28	Leg pred. mass (L)
INI23121	28	Arm fat-free mass (R)
INI23122	28	Arm pred. mass (R)
INI23125	28	Arm fat-free mass (L)
INI23126	28	Arm pred. mass (L)
INI23129	28	Trunk fat-free mass
INI23130	28	Trunk pred. mass
INI20015	29	Sitting height
INI20153	29	FEV1, pred.
INI50	29	Standing height
INI20150	30	FEV1, Best measure
INI20151	30	FVC, Best measure
INI3062	30	FVC
INI3063	30	FEV1
INI25529	31	WA MD in tract inferior longitudinal fasciculus (L)
INI25530	31	WA MD in tract inferior longitudinal fasciculus (R)
INI25609	31	WA L2 in tract inferior fronto-occipital fasciculus (R)
INI25610	31	WA L2 in tract inferior longitudinal fasciculus (L)
INI25611	31	WA L2 in tract inferior longitudinal fasciculus (R)
INI25637	32	WA L3 in tract inferior longitudinal fasciculus (L)
INI25537	33	WA MD in tract superior longitudinal fasciculus (R)
INI25634	33	WA L3 in tract forceps minor
INI25536	34	WA MD in tract superior longitudinal fasciculus (L)
INI25608	34	WA L2 in tract inferior fronto-occipital fasciculus (L)
INI25617	34	WA L2 in tract superior longitudinal fasciculus (L)
INI25618	34	WA L2 in tract superior longitudinal fasciculus (R)
INI25644	34	WA L3 in tract superior longitudinal fasciculus (L)
INI25645	34	WA L3 in tract superior longitudinal fasciculus (R)
INI25635	35	WA L3 in tract inferior fronto-occipital fasciculus (L)
INI25638	35	WA L3 in tract inferior longitudinal fasciculus (R)
INI25527	36	WA MD in tract inferior fronto-occipital fasciculus (L)
INI25528	36	WA MD in tract inferior fronto-occipital fasciculus (R)
INI25636	36	WA L3 in tract inferior fronto-occipital fasciculus (R)
INI25381	37	Mean ICVF in cingulum hippocampus on FA skeleton (L)
INI25382	37	Mean ICVF in fornix cres+stria terminalis on FA skeleton (R)
INI25383	37	Mean ICVF in fornix cres+stria terminalis on FA skeleton (L)
INI25656	37	WA ICVF in tract parahippocampal part of cingulum (L)
INI25363	38	Mean ICVF in posterior limb of internal capsule on FA skeleton (L)
INI25658	38	WA ICVF in tract corticospinal tract (L)
INI25376	39	Mean ICVF in external capsule on FA skeleton (R)
INI25377	39	Mean ICVF in external capsule on FA skeleton (L)
INI25380	39	Mean ICVF in cingulum hippocampus on FA skeleton (R)
INI25675	39	WA ICVF in tract uncinate fasciculus (L)
INI25390	40	Mean ICVF in tapetum on FA skeleton (R)
INI25507	40	WA FA in tract posterior thalamic radiation (L)
INI25058	41	Mean FA in genu of corpus callosum on FA skeleton
INI25059	41	Mean FA in body of corpus callosum on FA skeleton
INI25386	41	Mean ICVF in superior fronto-occipital fasciculus on FA skeleton (R)
INI25387	41	Mean ICVF in superior fronto-occipital fasciculus on FA skeleton (L)
INI25391	41	Mean ICVF in tapetum on FA skeleton (L)
INI25490	41	WA FA in tract anterior thalamic radiation (L)
INI25657	41	WA ICVF in tract parahippocampal part of cingulum (R)
INI25086	42	Mean FA in sagittal stratum on FA skeleton (R)
INI25096	42	Mean FA in superior longitudinal fasciculus on FA skeleton (R)
INI25491	42	WA FA in tract anterior thalamic radiation (R)
INI25509	43	WA FA in tract superior longitudinal fasciculus (L)
INI25500	44	WA FA in tract inferior fronto-occipital fasciculus (L)
INI25502	44	WA FA in tract inferior longitudinal fasciculus (L)
BIN_FC10004501	45	Non-accidental death in close genetic family
INI20030640	45	Apolipoprotein B covariate and statin adjusted
INI20030690	45	Cholesterol covariate and statin adjusted
INI20030780	45	LDL direct covariate and statin adjusted
RH3	45	Acute Myocardial Infarction
BIN_FC1006150	46	Vascular/heart problems diagnosed by doctor Heart attack
BIN_FC1006153	46	Medication for cholesterol (female only)
BIN_FC1006177	46	Medication for cholesterol (male only)
BIN_FC2006150	46	Vascular/heart problems diagnosed by doctor Angina
BIN_FC4006177	46	Cholesterol lowering medication
BIN_FC6006153	46	Cholesterol lowering medication
HC132	46	Angina
HC269	46	High cholesterol
HC326	46	Heart attack (MI)
BIN_FC1006154	47	Aspirin
BIN_FC2006177	47	Medication for BP (male only)
BIN_FC3006150	47	Vascular/heart problems diagnosed by doctor Stroke
BIN_FC5006177	47	Blood pressure medication
BIN_FC7006154	47	Aspirin use self-reported
HC110	47	Stroke
BIN_FC2006153	48	Medication for BP (female only)
BIN_FC4006150	48	Vascular/heart problems diagnosed by doctor High BP
BIN_FC7006153	48	Blood pressure medication
FH1065	48	High BP
HC215	48	Hypertension
HC273	48	Essential hypertension
INI4079	48	Diastolic BP (AR)
INI4080	48	Systolic BP (AR)
INI135	49	# of self-reported non-cancer illnesses
INI137	49	# of medications taken
QT_FC1002178	50	Overall health rating
BIN_FC10002188	51	Long-standing illness, disability or infirmity
BIN_FC10002316	51	Wheeze or whistling in the chest in last year
BIN_FC10002335	51	Chest pain or discomfort
BIN_FC10002492	51	Taking other prescription medications
INI3143	52	Ankle spacing width
INI4100	52	Ankle spacing width (L)
INI4119	52	Ankle spacing width (R)
INI12144	53	Height
INI30005983	53	MaxWD
INI46	53	Hand grip strength (L)
INI47	53	Hand grip strength (R)
INI20022	54	Birth weight
INI22403	54	Anterior thigh lean muscle volume (R)
INI22404	54	Posterior thigh lean muscle volume (R)
INI22405	54	Anterior thigh lean muscle volume (L)
INI22406	54	Posterior thigh lean muscle volume (L)
INI22409	54	Total thigh muscle volume
INI22427	54	Body surface area
INI23200	54	L1-L4 area
INI23246	54	Android lean mass
INI23250	54	Arm lean mass (L)
INI23254	54	Arm lean mass (R)
INI23258	54	Arms lean mass
INI23261	54	Gynoid bone mass
INI23263	54	Gynoid lean mass
INI23265	54	Gynoid total mass
INI23267	54	Leg lean mass (L)
INI23269	54	Leg total mass (L)
INI23271	54	Leg lean mass (R)
INI23273	54	Leg total mass (R)
INI23275	54	Legs lean mass
INI23277	54	Legs total mass
INI23279	54	Total fat-free mass
INI23280	54	Total lean mass
INI23282	54	Total tissue mass
INI23283	54	Total mass
INI23285	54	Trunk lean mass
INI23304	54	Trunk bone area
INI23307	54	Pelvis bone area
INI23309	54	Ribs bone area
INI23313	54	Arm bone area (L)
INI23314	54	Arm bone area (R)
INI23315	54	Leg bone area (L)
INI23316	54	Leg bone area (R)
INI23317	54	Arms combined bone area
INI23318	54	Legs combined bone area
INI2744	54	Birth weight of first child
QT_FC1001697	54	Comparative height size at age 10
BIN1210	55	Snoring
BIN4728	55	Leg pain on walking
BIN_FC10002473	55	Other serious medical condition/disability diagnosed by doctor
BIN_FC10004717	55	Shortness of breath walking on level ground
BIN_FC1002306	55	Weight change compared with 1 year ago
BIN_FC30022506	55	Tobacco smoking ever vs no
HC185	55	Cellulitis
HC274	55	Umbilical hernia
HC294	55	Renal/kidney failure
HC364	55	Sleep apnoea
INI10030510	55	Creatinine (enzymatic) in urine covariate adjusted
INI10030880	55	Urate covariate adjusted
INI1498	55	Coffee intake
INI20030720	55	Cystatin C covariate and statin adjusted
INI20511	55	Recent poor appetite or overeating
INI21021	55	Pulse wave Arterial Stiffness index
INI22408	55	Abdominal subcutaneous adipose tissue volume (ASAT)
INI22410	55	Total trunk fat
INI23245	55	Android fat mass
INI23248	55	Android total mass
INI23252	55	Arm total mass (L)
INI23256	55	Arm total mass (R)
INI23257	55	Arms fat mass
INI23260	55	Arms total mass
INI23262	55	Gynoid fat mass
INI23274	55	Legs fat mass
INI23278	55	Total fat mass
INI23287	55	Trunk total mass
INI25734	55	Inverted signal-to-noise ratio in T1
QT_FC1002306	55	Weight change compared with 1 year ago
QT_FC1004548	55	Health satisfaction
RH107	55	Acquired Hypothyroidism
RH141	55	Osteoarthritis
INI767	55	Length of working week for main job
QT_FC1001687	55	Comparative body size at age 10
BIN21067	56	Long-term/recurrent antibiotics as child or teenager
BIN3606	56	Chest pain or discomfort walking normally
BIN_FC10001787	56	Maternal smoking around birth
BIN_FC10020459	56	Generally happy with own health
BIN_FC10020536	56	Weight changed during worst episode of depression
BIN_FC11006154	56	Omeprazole use self-reported
BIN_FC12006154	56	Laxative use self-reported
BIN_FC4006144	56	Never eat sugar
BIN_FC6006149	56	Dentures
FH1113	56	Chronic bronchitis/emphysema
HC153	56	Joint pain
HC17	56	Diabetic eye disease
HC225	56	Cholecystitis
HC285	56	Other joint disorder
HC295	56	Carpal tunnel syndrome
HC299	56	Heart failure/pulmonary odema
HC362	56	Respiratory infection
HC376	56	Osteoarthritis
HC385	56	Peripheral vascular disease
HC442	56	Chronic obstructive airways disease/copd
HC7	56	Back pain
HC78	56	Arthritis (nos)
INI10030530	56	Sodium in urine covariate adjusted
INI1269	56	Exposure to tobacco smoke at home
INI1279	56	Exposure to tobacco smoke outside home
INI1598	56	Ave. weekly spirits intake
INI20030710	56	C-reactive protein covariate and statin adjusted
INI20403	56	Amount of alcohol drunk on a typical drinking day
INI20519	56	Recent feelings of tiredness or low energy
INI23247	56	Android tissue fat %
INI23255	56	Arm tissue fat % (R)
INI23259	56	Arms tissue fat %
INI23264	56	Gynoid tissue fat %
INI23268	56	Leg tissue fat % (L)
INI23272	56	Leg tissue fat % (R)
INI23276	56	Legs tissue fat %
INI23281	56	Total tissue fat %
INI23286	56	Trunk tissue fat %
INI25741	56	Mean rfMRI head motion, ave.d across space and time points
INI25742	56	Mean tfMRI head motion, ave.d across space and time points
QT_FC1001190	56	Nap during day
QT_FC10020459	56	General happiness with own health
QT_FC1001558	56	Alcohol intake frequency.
QT_FC10001239	56	Current tobacco smoking
INI2887	56	# of cigarettes previously smoked daily
QT_FC1001359	56	Poultry intake
QT_FC1002296	56	Falls in the last year
BIN_FC10002443	57	Diabetes diagnosed by doctor
BIN_FC1006148	57	Eye problems/disorders Diabetic eye disease
BIN_FC3006177	57	Medication for diabetes (male only)
BIN_FC6006177	57	Insulin
FH1220	57	Diabetes
HC165	57	Type 2 diabetes
HC221	57	Diabetes
INI10030740	57	Glucose covariate adjusted
INI20030750	57	Glycated haemoglobin (HbA1c) covariate and statin adjusted
RH130	57	Diabetes Mellitus Type 1
RH134	57	Diabetes Mellitus Type 2
INI3144	58	Heel Broadband ultrasound attenuation, direct entry
INI3146	58	Speed of sound through heel
INI3147	58	Heel quantitative ultrasound index (QUI), direct entry
INI3148	58	Heel bone mineral density (BMD)
INI4101	58	Heel broadband ultrasound attenuation (L)
INI4103	58	Speed of sound through heel (L)
INI4104	58	Heel quantitative ultrasound index (QUI), direct entry (L)
INI4105	58	Heel bone mineral density (BMD) (L)
INI4106	58	Heel bone mineral density (BMD) T-score, automated (L)
INI4120	58	Heel broadband ultrasound attenuation (R)
INI4122	58	Speed of sound through heel (R)
INI4123	58	Heel quantitative ultrasound index (QUI), direct entry (R)
INI4124	58	Heel bone mineral density (BMD) (R)
INI4125	58	Heel bone mineral density (BMD) T-score, automated (R)
INI78	58	Heel bone mineral density (BMD) T-score, automated
INI25517	59	WA MD in tract anterior thalamic radiation (L)
INI25625	59	WA L3 in tract anterior thalamic radiation (L)
INI25538	60	WA MD in tract superior thalamic radiation (L)
INI25600	60	WA L2 in tract cingulate gyrus part of cingulum (L)
INI25601	60	WA L2 in tract cingulate gyrus part of cingulum (R)
INI25627	60	WA L3 in tract cingulate gyrus part of cingulum (L)
INI25628	60	WA L3 in tract cingulate gyrus part of cingulum (R)
INI25520	61	WA MD in tract cingulate gyrus part of cingulum (R)
INI25526	61	WA MD in tract forceps minor
INI25591	61	WA L1 in tract superior longitudinal fasciculus (R)
INI25519	62	WA MD in tract cingulate gyrus part of cingulum (L)
INI25607	62	WA L2 in tract forceps minor
INI25541	63	WA MD in tract uncinate fasciculus (R)
INI25649	63	WA L3 in tract uncinate fasciculus (R)
INI25581	64	WA L1 in tract inferior fronto-occipital fasciculus (L)
INI25582	64	WA L1 in tract inferior fronto-occipital fasciculus (R)
INI25583	64	WA L1 in tract inferior longitudinal fasciculus (L)
INI25616	65	WA L2 in tract posterior thalamic radiation (R)
INI25643	65	WA L3 in tract posterior thalamic radiation (R)
INI25523	66	WA MD in tract corticospinal tract (L)
INI25539	66	WA MD in tract superior thalamic radiation (R)
INI25584	66	WA L1 in tract inferior longitudinal fasciculus (R)
INI25590	66	WA L1 in tract superior longitudinal fasciculus (L)
INI25604	66	WA L2 in tract corticospinal tract (L)
INI25605	66	WA L2 in tract corticospinal tract (R)
INI25619	66	WA L2 in tract superior thalamic radiation (L)
INI25620	66	WA L2 in tract superior thalamic radiation (R)
INI25631	66	WA L3 in tract corticospinal tract (L)
INI25632	66	WA L3 in tract corticospinal tract (R)
INI25646	66	WA L3 in tract superior thalamic radiation (L)
INI25647	66	WA L3 in tract superior thalamic radiation (R)
INI25518	67	WA MD in tract anterior thalamic radiation (R)
INI25571	67	WA L1 in tract anterior thalamic radiation (L)
INI25598	67	WA L2 in tract anterior thalamic radiation (L)
INI25599	67	WA L2 in tract anterior thalamic radiation (R)
INI25626	67	WA L3 in tract anterior thalamic radiation (R)
INI23106	68	Impedance of whole body
INI23107	68	Impedance of leg (R)
INI23108	68	Impedance of leg (L)
INI23109	68	Impedance of arm (R)
INI23110	68	Impedance of arm (L)
INI5096	69	3mm weak meridian (L)
INI5097	69	6mm weak meridian (L)
INI5098	69	6mm weak meridian (R)
INI5099	69	3mm weak meridian (R)
INI5132	69	3mm strong meridian (R)
INI5133	69	6mm strong meridian (R)
INI5134	69	6mm strong meridian (L)
INI5135	69	3mm strong meridian (L)
BIN1970	70	Nervous feelings
BIN1980	70	Worrier / anxious feelings
BIN1990	70	Tense / 'highly strung'
BIN2010	70	Suffer from 'nerves'
INI10005983	71	Exercise slopes
INI20005983	71	HR fitness
INI25000	71	Volumetric scaling from T1 head image to standard space
INI20127	72	Neuroticism score
BIN1920	73	Mood swings
BIN1930	73	Miserableness
BIN1940	73	Irritability
BIN1950	73	Sensitivity / hurt feelings
BIN1960	73	Fed-up feelings
BIN2020	73	Loneliness, isolation
BIN2030	73	Guilty feelings
BIN2090	73	Seen doctor (GP) for nerves, anxiety, tension or depression
QT_FC1002050	73	Freq. of depressed mood in last 2 weeks
QT_FC1002060	73	Freq. of unenthusiasm / disinterest in last 2 weeks
QT_FC1002070	73	Freq. of tenseness / restlessness in last 2 weeks
QT_FC1002080	73	Freq. of tiredness / lethargy in last 2 weeks
BIN_FC10006152	74	Hayfever allergic rhinitis or eczema
BIN_FC4006152	74	Asthma diagnosed by doctor
BIN_FC5006152	74	Hayfever rhinitis or eczema diagnosed by doctor
BIN_FC9006152	74	Asthma
HC382	74	Asthma
BIN22126	75	Doctor diagnosed hayfever or allergic rhinitis
BIN22127	75	Doctor diagnosed asthma
BIN_FC2006152	75	Emphysema/chronic bronchitis diagnosed by doctor
HC156	75	Nasal polyps
HC261	75	Eczema/dermatitis
HC49	75	Hayfever/allergic rhinitis
INI30150	75	Eosinophill count
INI30210	75	Eosinophill %
RH160	75	Asthma
INI25361	76	Mean ICVF in anterior limb of internal capsule on FA skeleton (L)
INI25060	77	Mean FA in splenium of corpus callosum on FA skeleton
INI25075	77	Mean FA in posterior limb of internal capsule on FA skeleton (L)
INI25082	77	Mean FA in posterior corona radiata on FA skeleton (R)
INI25085	77	Mean FA in posterior thalamic radiation on FA skeleton (L)
INI25097	77	Mean FA in superior longitudinal fasciculus on FA skeleton (L)
INI25498	77	WA FA in tract forceps major
INI25513	77	WA FA in tract uncinate fasciculus (L)
INI25056	78	Mean FA in middle cerebellar peduncle on FA skeleton
INI25072	78	Mean FA in anterior limb of internal capsule on FA skeleton (R)
INI25074	78	Mean FA in posterior limb of internal capsule on FA skeleton (R)
INI25076	78	Mean FA in retrolenticular part of internal capsule on FA skeleton (R)
INI25077	78	Mean FA in retrolenticular part of internal capsule on FA skeleton (L)
INI25080	78	Mean FA in superior corona radiata on FA skeleton (R)
INI25081	78	Mean FA in superior corona radiata on FA skeleton (L)
INI25083	78	Mean FA in posterior corona radiata on FA skeleton (L)
INI25087	78	Mean FA in sagittal stratum on FA skeleton (L)
INI25088	78	Mean FA in external capsule on FA skeleton (R)
INI25090	78	Mean FA in cingulum cingulate gyrus on FA skeleton (R)
INI25091	78	Mean FA in cingulum cingulate gyrus on FA skeleton (L)
INI25099	78	Mean FA in superior fronto-occipital fasciculus on FA skeleton (L)
INI25388	78	Mean ICVF in uncinate fasciculus on FA skeleton (R)
INI25488	78	WA FA in tract acoustic radiation (L)
INI25514	78	WA FA in tract uncinate fasciculus (R)
INI25073	79	Mean FA in anterior limb of internal capsule on FA skeleton (L)
INI25360	79	Mean ICVF in anterior limb of internal capsule on FA skeleton (R)
INI25078	80	Mean FA in anterior corona radiata on FA skeleton (R)
INI25079	80	Mean FA in anterior corona radiata on FA skeleton (L)
INI25344	80	Mean ICVF in middle cerebellar peduncle on FA skeleton
INI25354	80	Mean ICVF in inferior cerebellar peduncle on FA skeleton (R)
INI25389	80	Mean ICVF in uncinate fasciculus on FA skeleton (L)
INI25666	80	WA ICVF in tract middle cerebellar peduncle
INI25692	80	WA OD in tract inferior longitudinal fasciculus (R)
INI25709	80	WA ISOVF in tract cingulate gyrus part of cingulum (R)
BIN_FC10002453	81	Cancer diagnosed by doctor
BIN_FC1001747	81	Hair colour (natural, before greying) blonde
BIN_FC2001747	81	Hair colour (natural, before greying) red
BIN_FC6001747	81	Hair colour (natural, before greying) other
INI134	81	# of self-reported cancers
INI1737	81	Childhood sunburn
RH140	81	Melanoma
cancer1003	81	Skin cancer
cancer1059	81	Malignant melanoma
cancer1060	81	Non-melanoma skin cancer
INI23209	82	Femur neck BMD (bone mineral density) T-score (R)
INI23212	82	Femur total BMD (bone mineral density) (R)
INI23213	82	Femur total BMD (bone mineral density) T-score (R)
INI23214	82	Femur troch BMD (bone mineral density) (R)
INI23215	82	Femur troch BMD (bone mineral density) T-score (R)
INI23221	82	Arm BMD (bone mineral density) (L)
INI23223	82	Arm BMD (bone mineral density) (R)
INI23225	82	Arms BMD (bone mineral density)
INI23291	82	Femur total BMD (bone mineral density) (L)
INI23293	82	Femur total BMD (bone mineral density) T-score (L)
INI23295	82	Femur troch BMD (bone mineral density) (L)
INI23298	82	Femur troch BMD (bone mineral density) T-score (L)
INI23300	82	Femur neck BMD (bone mineral density) T-score (L)
INI10030840	83	Total bilirubin covariate adjusted
INI30010	83	Red blood cell count
INI30020	83	Haemoglobin concentration
INI30030	83	Haematocrit %
INI30060	83	Mean corpuscular haemoglobin concentration
INI30240	83	Reticulocyte %
INI30250	83	Reticulocyte count
INI30280	83	Immature reticulocyte fraction
INI30290	83	High light scatter reticulocyte %
INI30300	83	High light scatter reticulocyte count
BIN_FC4001747	84	Hair colour (natural, before greying) dark brown
BIN_FC5001747	84	Hair colour (natural, before greying) black
BIN_FC7001747	84	Hair colour (natural, before greying) brown
QT_FC1001717	84	Skin colour
BIN_FC2006148	85	Eye problems/disorders Glaucoma
HC276	85	Glaucoma
INI5254	85	Intra-ocular pressure, corneal-compensated (R)
INI5255	85	Intra-ocular pressure, Goldmann-correlated (R)
INI5256	85	Corneal hysteresis (R)
INI5257	85	Corneal resistance factor (R)
INI5262	85	Intra-ocular pressure, corneal-compensated (L)
INI5263	85	Intra-ocular pressure, Goldmann-correlated (L)
INI5264	85	Corneal hysteresis (L)
INI5265	85	Corneal resistance factor (L)
INI102	86	Pulse rate (AR)
INI4194	86	Pulse rate
INI4199	86	Position of pulse wave notch
INI30000	87	White blood cell count
INI30080	87	Platelet count
INI30090	87	Platelet crit
INI30120	87	Lymphocyte count
INI30130	87	Monocyte count
INI30140	87	Neutrophill count
INI30160	87	Basophill count
BIN10030500	88	Microalbumin > 40 mg/L
BIN10030510	88	UACR > 30 mg/g
BIN20502	88	Ever had period extreme irritability
BIN21035	88	Currently (in last 3 months) suffer from abdominal pain
BIN21038	88	Currently suffer from abdominal distension
BIN22130	88	Doctor diagnosed COPD
BIN4653	88	Ever highly irritable/argumentative for 2 days
BIN806	88	Job involves mainly walking or standing
BIN816	88	Job involves heavy manual or physical work
BIN_FC10001259	88	Smoking/smokers in household
BIN_FC10002844	88	Had other major operations
BIN_FC10006154	88	Ranitidine use self-reported
BIN_FC10006157	88	Why stopped smoking Illness
BIN_FC1005149	88	3mm regularity index for irregular astigmatism level (L)
BIN_FC110020544	88	Psychological over-eating or binge-eating diagnosed by  a professional
BIN_FC20006157	88	Why stopped smoking doctor advice
BIN_FC2006144	88	Never eat dairy
BIN_FC2006154	88	Ibuprofen (e.g. Nurofen)
BIN_FC7006152	88	Emphysema or chronic bronchitis
BIN_FC8006154	88	Ibuprofen use self-reported
BIN_FC9006154	88	Paracetamol use self-reported
HC106	88	Emphysema/chronic bronchitis
HC15	88	Sciatica
HC158	88	Spine arthritis/spondylitis
HC164	88	Gastro-oesophageal reflux (gord) / gastric reflux
HC188	88	Gallstones
HC400	88	Transient ischaemic attack (tia)
HC423	88	Respiratory failure
HC60	88	Oesophagitis/barretts oesophagus
INI10030500	88	Microalbumin in urine covariate adjusted
INI10030610	88	Alkaline phosphatase covariate adjusted
INI10030910	88	Non albumin protein covariate adjusted
INI1050	88	Time spend outdoors in summer
INI1060	88	Outdoor time, winter
INI1873	88	# of full brothers
INI1883	88	# of full sisters
INI20030620	88	Alanine aminotransferase covariate and statin adjusted
INI20030860	88	Total protein covariate and statin adjusted
INI20434	88	Age at last episode of depression
INI20436	88	Fraction of day affected during worst episode of depression
INI20505	88	Recent easy annoyance or irritability
INI20508	88	Recent trouble concentrating on things
INI20514	88	Recent lack of interest or pleasure in doing things
INI20516	88	Recent restlessness
INI20517	88	Trouble falling or staying asleep, or sleeping too much
INI20518	88	Recent changes in speed/amount of moving or speaking
INI21037	88	# of days (out of 10) with abdominal pain
INI21040	88	Satisfaction with bowel habits
INI21041	88	Degree to which abdominal pain/discomfort/altered bowel habits affect/interfere with life in general
INI22407	88	Visceral adipose tissue volume (VAT)
INI23251	88	Arm tissue fat % (L)
INI23288	88	VAT (visceral adipose tissue) mass
INI23289	88	VAT (visceral adipose tissue) volume
INI25735	88	Inverted contrast-to-noise ratio in T1
INI2734	88	# of live births
INI2897	88	Age stopped smoking
QT_FC1001200	88	Sleeplessness / insomnia
INI2405	88	# of children fathered
QT_FC1001220	88	Daytime dozing / sleeping (narcolepsy)
QT_FC1004581	88	Financial situation satisfaction
RH32	88	Depression
RH86	88	Epilepsy
INI5163	88	3mm regularity index (L)
INI4429	88	Ave. monthly beer plus cider intake
BIN2000	89	Worry too long after embarrassment
BIN20421	89	Ever felt worried, tense, or anxious for most of a month or longer
BIN20425	89	Ever worried more than most people would in similar situation
BIN20441	89	Ever had prolonged loss of interest in normal activities
BIN20450	89	Feelings of worthlessness during worst period of depression
BIN20500	89	Ever suffered mental distress preventing usual activities
BIN2100	89	Seen a psychiatrist for nerves, anxiety, tension or depression
BIN21063	89	Ever been offered/sought treatment for depression
BIN4598	89	Ever depressed for a whole week
BIN4631	89	Ever unenthusiastic/disinterested for a whole week
BIN_FC10020458	89	Generally happy
FH1286	89	Severe depression
HC41	89	Depression
HC64	89	Irritable bowel syndrome
INI20497	89	Repeated disturbing thoughts of stressful experience in past month
INI20498	89	Felt very upset when reminded of stressful experience in past month
INI20506	89	Recent feelings or nervousness or anxiety
INI20510	89	Recent feelings of depression
INI20512	89	Recent feelings of foreboding
INI20515	89	Recent trouble relaxing
INI20479	89	Ever thought that life not worth living
INI20494	89	Felt irritable or had angry outbursts in past month
INI20507	89	Recent feelings of inadequacy
INI20509	89	Recent inability to stop or control worrying
INI20520	89	Recent worrying too much about different things
QT_FC10020458	89	General happiness
QT_FC1004526	89	Happiness
QT_FC1004559	89	Family relationship satisfaction
INI25903	90	Vol. of grey matter in Crus II Cerebellum (L)
INI25905	90	Vol. of grey matter in Crus II Cerebellum (R)
INI25906	90	Vol. of grey matter in VIIb Cerebellum (L)
INI25908	90	Vol. of grey matter in VIIb Cerebellum (R)
INI25909	90	Vol. of grey matter in VIIIa Cerebellum (L)
BIN10030800	91	Oestradiol > 212 pmol/L
BIN1020483	91	Ever attempted suicide missing is control
BIN20437	91	Thoughts of death during worst depression
BIN21062	91	Ever been offered/sought treatment for anxiety
BIN22128	91	Doctor diagnosed emphysema
BIN22129	91	Doctor diagnosed chronic bronchitis
BIN22140	91	Doctor diagnosed lung cancer (not mesothelioma)
BIN22502	91	Cough on most days
BIN22504	91	Bring up phlegm/sputum/mucus on most days
BIN2415	91	Had major operations
BIN_FC10001767	91	Adopted as a child
BIN_FC100020544	91	Bulimia nervosa diagnosed by  a professional
BIN_FC10002227	91	Other eye problems
BIN_FC10002257	91	Hearing problems with background noise
BIN_FC10002345	91	Ever had bowel cancer screening
BIN_FC10002365	91	Ever had prostate specific antigen (PSA) test
BIN_FC10002694	91	Ever had cervical smear test
BIN_FC10002784	91	Ever taken oral contraceptive pill
BIN_FC10002814	91	Ever used hormone-replacement therapy (HRT)
BIN_FC10002907	91	Ever stopped smoking for 6+ months
BIN_FC10003393	91	Hearing aid user
BIN_FC10003571	91	Back pain for 3+ months
BIN_FC10003591	91	Ever had hysterectomy (womb removed)
BIN_FC10006153	91	Oral contraceptive pill or minipill
BIN_FC10006179	91	Zinc supplements
BIN_FC10020018	91	Prospective memory result
BIN_FC10020544	91	Social anxiety or social phobia diagnosed by  a professional
BIN_FC10020549	91	Unprescribed medication taken for anxiety
BIN_FC10020550	91	Talking based therapies taken for anxiety
BIN_FC10021057	91	Degree bothered by pain/problems during intercourse in the last 3 months
BIN_FC1002247	91	Hearing difficulty
BIN_FC1002395	91	Male pattern baldness severity
BIN_FC1002724	91	Had menopause
BIN_FC1004803	91	Tinnitus
BIN_FC1005164	91	3mm regularity index for irregular astigmatism level (R)
BIN_FC1006144	91	Never eat eggs
BIN_FC10110005	91	Invitation to physical activity study, acceptance
BIN_FC11006179	91	Iron supplements
BIN_FC12006155	91	Vitamin B9 vs multivitamin
BIN_FC12006179	91	Selenium supplements
BIN_FC130020544	91	Anxiety disorder diagnosed by  a professional
BIN_FC140020544	91	Anorexia nervosa diagnosed by  a professional
BIN_FC170020544	91	Mental health problems diagnosed by a professional
BIN_FC19006155	91	Multivitamins +/- minerals
BIN_FC20020018	91	Prospective memory result
BIN_FC20020546	91	Prescribed medication taken for depression
BIN_FC20020547	91	Activity based therapies taken for depression
BIN_FC2006149	91	Painful gums
BIN_FC30006157	91	Why stopped smoking precautionary
BIN_FC3001747	91	Hair colour (natural, before greying) light brown
BIN_FC30020126	91	Bipolar and major depression status Bipolar Type II
BIN_FC30020546	91	Drugs or alcohol taken for depression
BIN_FC30020550	91	Non-drug therapies taken for anxiety
BIN_FC30020551	91	Addiction to other medication
BIN_FC3006144	91	Never eat wheat
BIN_FC3006149	91	Bleeding gums
BIN_FC3006153	91	Medication for diabetes (female only)
BIN_FC3006155	91	Vitamin C vs no supplement
BIN_FC40020546	91	Medication taken for depression
BIN_FC4002395	91	Male pattern baldness severity 2
BIN_FC4006148	91	Eye problems/disorders Cataract
BIN_FC4006149	91	Loose teeth
BIN_FC50020126	91	Bipolar and major depression status probable depression (moderate)
BIN_FC5002395	91	Male pattern baldness severity 3
BIN_FC5006148	91	Eye problems/disorders Macular degeneration
BIN_FC5006153	91	Oral contraceptives (female only)
BIN_FC6002395	91	Male pattern baldness severity 4
BIN_FC6006154	91	Laxatives
BIN_FC6006179	91	Selenium
BIN_FC7006179	91	Fish oil supplements
BIN_FC8006153	91	Insulin
BIN_FC8006155	91	Vitamin B vs multivitamin
BIN_FC90020544	91	Depression diagnosed by  a professional
FH1001	91	Lung cancer
FH1002	91	Breast cancer
FH1044	91	Prostate cancer
FH1263	91	Alzheimer's/dementia
HC1	91	Bowel / intestinal obstruction
HC109	91	Gestational hypertension/pre-eclampsia
HC113	91	Irregular heart beat
HC119	91	Disc degeneration
HC125	91	Anaemia
HC129	91	Muscle or soft tissue injuries
HC142	91	Synovitis
HC143	91	Retinal problem
HC144	91	Chickenpox
HC146	91	Pleural effusion
HC16	91	Rectal or colon adenoma/polyps
HC161	91	Prostatitis
HC169	91	Pernicious anaemia
HC170	91	Sarcoidosis
HC171	91	Alcoholic liver disease / alcoholic cirrhosis
HC172	91	Gynaecological disorder (not cancer)
HC173	91	Fracture shaft of femur
HC177	91	Dupuytren's contracture
HC179	91	Iron deficiency anaemia
HC182	91	Osteopenia
HC184	91	Aortic aneurysm rupture
HC193	91	Heart arrhythmia
HC201	91	Ulcerative colitis
HC204	91	Bursitis
HC208	91	Parathyroid gland problem (not cancer)
HC219	91	Hypothyroidism/myxoedema
HC222	91	Arterial embolism
HC223	91	Fracture pelvis
HC237	91	Back problem
HC239	91	Subdural haemorrhage/haematoma
HC24	91	Mrsa / methicillin resistant staphylococcus aureus
HC243	91	Inguinal hernia
HC246	91	Schizophrenia
HC248	91	Allergy to house dust mite
HC25	91	Cataract
HC251	91	Liver failure/cirrhosis
HC259	91	Aortic stenosis
HC27	91	Gastrointestinal bleeding
HC277	91	Menopausal symptoms / menopause
HC284	91	Fracture nose
HC291	91	Polycystic ovaries/polycystic ovarian syndrome
HC298	91	Chronic sinusitis
HC300	91	Benign / essential tremor
HC302	91	Retinal detachment
HC303	91	Malabsorption/coeliac disease
HC304	91	Burns N/A
HC307	91	Colitis/not crohns or ulcerative colitis
HC308	91	Hypertrophic cardiomyopathy (hcm / hocm)
HC31	91	Uterine fibroids
HC310	91	Hiatus hernia
HC311	91	Measles / morbillivirus
HC314	91	Fracture hand
HC320	91	Meningitis
HC321	91	Sjogren's syndrome/sicca syndrome
HC322	91	Crohns disease
HC324	91	Obsessive compulsive disorder (ocd)
HC328	91	Gout
HC331	91	Tonsiltis
HC344	91	Post-natal depression
HC346	91	Fibromyalgia
HC352	91	Systemic lupus erythematosis/sle
HC357	91	Duodenal ulcer
HC359	91	Adrenocortical insufficiency/addison's disease
HC36	91	Pneumonia
HC361	91	Anorexia/bulimia/other eating disorder
HC366	91	Allergy/hypersensitivity/anaphylaxis
HC371	91	Bronchitis
HC38	91	Psoriasis
HC39	91	Lichen planus
HC396	91	Fracture shoulder / scapula
HC398	91	Fracture wrist / colles fracture
HC404	91	Urinary tract infection/kidney infection
HC414	91	Cardiomyopathy
HC415	91	Aortic aneurysm
HC421	91	Other abdominal problem
HC424	91	Fracture skull / head
HC428	91	Low platelets/platelet disorder
HC430	91	Rheumatoid arthritis
HC431	91	Emphysema
HC433	91	Lymphoedema
HC435	91	Ear/vestibular disorder
HC437	91	Epilepsy
HC44	91	Bile duct obstruction/ascending cholangitis
HC441	91	Hypopituitarism
HC445	91	Oesophageal varicies
HC47	91	Malaria
HC48	91	Aplastic anaemia
HC52	91	Aortic dissection
HC69	91	Polycythaemia vera
HC77	91	Allergy or anaphylactic reaction to drug
HC81	91	Essential thrombocytosis
HC85	91	Enlarged prostate
HC86	91	Migraine
HC95	91	Inflammatory bowel disease
INI10030950	91	Fasting glucose covariate adjusted
INI10090004	91	Discrete wavelet transform signal magnitude vector
INI1160	91	Sleep duration
INI1438	91	Bread intake
INI1488	91	Tea intake
INI1528	91	Water intake
INI1568	91	Ave. weekly red wine intake
INI1578	91	Ave. weekly champagne plus white wine intake
INI1588	91	Ave. weekly beer plus cider intake
INI1608	91	Ave. weekly fortified wine intake
INI20019	91	Speech-reception-threshold (SRT) estimate (L)
INI20030600	91	Albumin covariate and statin adjusted
INI20030650	91	Aspartate aminotransferase covariate and statin adjusted
INI20030670	91	Urea covariate and statin adjusted
INI20030680	91	Calcium covariate and statin adjusted
INI20030730	91	Gamma glutamyltransferase covariate and statin adjusted
INI20030770	91	IGF 1 covariate and statin adjusted
INI20030810	91	Phosphate covariate and statin adjusted
INI20030870	91	Triglycerides covariate and statin adjusted
INI20090004	91	Discrete wavelet transform signal magnitude vector 1
INI20121	91	Cascot confidence score
INI20191	91	Fluid intelligence score
INI20405	91	Ever had known person concerned about, or recommend reduction of, alcohol consumption
INI20409	91	Freq. of feeling guilt or remorse after drinking alcohol in last year
INI20411	91	Ever been injured or injured someone else through drinking alcohol
INI20414	91	Freq. of drinking alcohol
INI20416	91	Freq. of consuming six or more units of alcohol
INI20418	91	Impact on normal roles during worst period of anxiety
INI20439	91	Freq. of depressed days during worst episode of depression
INI20440	91	Impact on normal roles during worst period of depression
INI20453	91	Ever taken cannabis
INI21031	91	Stools looser when abdominal discomfort/pain started
INI21034	91	Freq. of loose/mushy/watery stools in the last 3 months
INI21036	91	Severity of current abdominal pain
INI21042	91	Greatest # of times bowels opened per day
INI21044	91	Ave. # of times bowels opened per day
INI21051	91	Degree bothered by headaches in the last 3 months
INI21053	91	Degree bothered by dizziness in the last 3 months
INI2149	91	Lifetime # of sexual partners
INI2217	91	Age started wearing glasses or contact lenses
INI22402	91	Liver fat %
INI22426	91	Ave. heart rate
INI22505	91	Years of bringing up phlegm/sputum/mucus on most days
INI22670	91	Minimum carotid IMT (intima-medial thickness) at 120 degrees
INI22671	91	Mean carotid IMT (intima-medial thickness) at 120 degrees
INI22673	91	Minimum carotid IMT (intima-medial thickness) at 150 degrees
INI22674	91	Mean carotid IMT (intima-medial thickness) at 150 degrees
INI22675	91	Maximum carotid IMT (intima-medial thickness) at 150 degrees
INI22676	91	Minimum carotid IMT (intima-medial thickness) at 210 degrees
INI22681	91	Maximum carotid IMT (intima-medial thickness) at 240 degrees
INI23004	91	EBNA-1 antigen for Epstein-Barr Virus
INI23015	91	K8.1 antigen for Kaposi's Sarcoma-Associated Herpesvirus
INI23025	91	HIV-1 env antigen for Human Immunodeficiency Virus
INI23034	91	Momp A antigen for Chlamydia trachomatis
INI23206	91	Femur lower neck BMD (bone mineral density) (R)
INI23208	91	Femur neck BMD (bone mineral density) (R)
INI23210	91	Femur shaft BMD (bone mineral density) (R)
INI23290	91	Femur shaft BMD (bone mineral density) (L)
INI23296	91	Femur upper neck BMD (bone mineral density) T-score (L)
INI23299	91	Femur neck BMD (bone mineral density) (L)
INI25001	91	Vol. of peripheral cortical grey matter (normalised for head size)
INI25003	91	Vol. of ventricular cerebrospinal fluid (normalised for head size)
INI25005	91	Vol. of grey matter (normalised for head size)
INI25007	91	Vol. of white matter (normalised for head size)
INI25009	91	Vol. of brain, grey+white matter (normalised for head size)
INI25019	91	Vol. of hippocampus (L)
INI25021	91	Vol. of amygdala (L)
INI25028	91	Median T2star in caudate (L)
INI25029	91	Median T2star in caudate (R)
INI25030	91	Median T2star in putamen (L)
INI25032	91	Median T2star in pallidum (L)
INI25033	91	Median T2star in pallidum (R)
INI25035	91	Median T2star in hippocampus (R)
INI25057	91	Mean FA in pontine crossing tract on FA skeleton
INI25068	91	Mean FA in superior cerebellar peduncle on FA skeleton (R)
INI25069	91	Mean FA in superior cerebellar peduncle on FA skeleton (L)
INI25070	91	Mean FA in cerebral peduncle on FA skeleton (R)
INI25071	91	Mean FA in cerebral peduncle on FA skeleton (L)
INI25345	91	Mean ICVF in pontine crossing tract on FA skeleton
INI25352	91	Mean ICVF in medial lemniscus on FA skeleton (R)
INI25353	91	Mean ICVF in medial lemniscus on FA skeleton (L)
INI25356	91	Mean ICVF in superior cerebellar peduncle on FA skeleton (R)
INI25358	91	Mean ICVF in cerebral peduncle on FA skeleton (R)
INI25359	91	Mean ICVF in cerebral peduncle on FA skeleton (L)
INI25441	91	Mean ISOVF in pontine crossing tract on FA skeleton
INI25446	91	Mean ISOVF in corticospinal tract on FA skeleton (R)
INI25447	91	Mean ISOVF in corticospinal tract on FA skeleton (L)
INI25454	91	Mean ISOVF in cerebral peduncle on FA skeleton (R)
INI25462	91	Mean ISOVF in anterior corona radiata on FA skeleton (R)
INI25468	91	Mean ISOVF in posterior thalamic radiation on FA skeleton (R)
INI25472	91	Mean ISOVF in external capsule on FA skeleton (R)
INI25475	91	Mean ISOVF in cingulum cingulate gyrus on FA skeleton (L)
INI25492	91	WA FA in tract cingulate gyrus part of cingulum (L)
INI25493	91	WA FA in tract cingulate gyrus part of cingulum (R)
INI25494	91	WA FA in tract parahippocampal part of cingulum (L)
INI25505	91	WA FA in tract medial lemniscus (L)
INI25506	91	WA FA in tract medial lemniscus (R)
INI25516	91	WA MD in tract acoustic radiation (R)
INI25525	91	WA MD in tract forceps major
INI25531	91	WA MD in tract middle cerebellar peduncle
INI25532	91	WA MD in tract medial lemniscus (L)
INI25534	91	WA MD in tract posterior thalamic radiation (L)
INI25535	91	WA MD in tract posterior thalamic radiation (R)
INI25540	91	WA MD in tract uncinate fasciculus (L)
INI25547	91	WA MO in tract cingulate gyrus part of cingulum (R)
INI25560	91	WA MO in tract medial lemniscus (R)
INI25577	91	WA L1 in tract corticospinal tract (L)
INI25580	91	WA L1 in tract forceps minor
INI25585	91	WA L1 in tract middle cerebellar peduncle
INI25586	91	WA L1 in tract medial lemniscus (L)
INI25587	91	WA L1 in tract medial lemniscus (R)
INI25589	91	WA L1 in tract posterior thalamic radiation (R)
INI25592	91	WA L1 in tract superior thalamic radiation (L)
INI25593	91	WA L1 in tract superior thalamic radiation (R)
INI25597	91	WA L2 in tract acoustic radiation (R)
INI25603	91	WA L2 in tract parahippocampal part of cingulum (R)
INI25606	91	WA L2 in tract forceps major
INI25613	91	WA L2 in tract medial lemniscus (L)
INI25615	91	WA L2 in tract posterior thalamic radiation (L)
INI25621	91	WA L2 in tract uncinate fasciculus (L)
INI25622	91	WA L2 in tract uncinate fasciculus (R)
INI25623	91	WA L3 in tract acoustic radiation (L)
INI25624	91	WA L3 in tract acoustic radiation (R)
INI25633	91	WA L3 in tract forceps major
INI25639	91	WA L3 in tract middle cerebellar peduncle
INI25642	91	WA L3 in tract posterior thalamic radiation (L)
INI25648	91	WA L3 in tract uncinate fasciculus (L)
INI25667	91	WA ICVF in tract medial lemniscus (L)
INI25688	91	WA OD in tract forceps minor
INI25694	91	WA OD in tract medial lemniscus (L)
INI25695	91	WA OD in tract medial lemniscus (R)
INI25698	91	WA OD in tract superior longitudinal fasciculus (L)
INI25703	91	WA OD in tract uncinate fasciculus (R)
INI25704	91	WA ISOVF in tract acoustic radiation (L)
INI25705	91	WA ISOVF in tract acoustic radiation (R)
INI25707	91	WA ISOVF in tract anterior thalamic radiation (R)
INI25712	91	WA ISOVF in tract corticospinal tract (L)
INI25713	91	WA ISOVF in tract corticospinal tract (R)
INI25714	91	WA ISOVF in tract forceps major
INI25715	91	WA ISOVF in tract forceps minor
INI25716	91	WA ISOVF in tract inferior fronto-occipital fasciculus (L)
INI25717	91	WA ISOVF in tract inferior fronto-occipital fasciculus (R)
INI25718	91	WA ISOVF in tract inferior longitudinal fasciculus (L)
INI25719	91	WA ISOVF in tract inferior longitudinal fasciculus (R)
INI25723	91	WA ISOVF in tract posterior thalamic radiation (L)
INI25725	91	WA ISOVF in tract superior longitudinal fasciculus (L)
INI25728	91	WA ISOVF in tract superior thalamic radiation (R)
INI25730	91	WA ISOVF in tract uncinate fasciculus (R)
INI25788	91	Vol. of grey matter in Middle Frontal Gyrus (L)
INI25789	91	Vol. of grey matter in Middle Frontal Gyrus (R)
INI25790	91	Vol. of grey matter in Inferior Frontal Gyrus, pars triangularis (L)
INI25793	91	Vol. of grey matter in Inferior Frontal Gyrus, pars opercularis (R)
INI25794	91	Vol. of grey matter in Precentral Gyrus (L)
INI25799	91	Vol. of grey matter in Superior Temporal Gyrus, anterior division (R)
INI25802	91	Vol. of grey matter in Middle Temporal Gyrus, anterior division (L)
INI25803	91	Vol. of grey matter in Middle Temporal Gyrus, anterior division (R)
INI25804	91	Vol. of grey matter in Middle Temporal Gyrus, posterior division (L)
INI25805	91	Vol. of grey matter in Middle Temporal Gyrus, posterior division (R)
INI25806	91	Vol. of grey matter in Middle Temporal Gyrus, temporooccipital part (L)
INI25808	91	Vol. of grey matter in Inferior Temporal Gyrus, anterior division (L)
INI25809	91	Vol. of grey matter in Inferior Temporal Gyrus, anterior division (R)
INI25814	91	Vol. of grey matter in Postcentral Gyrus (L)
INI25817	91	Vol. of grey matter in Superior Parietal Lobule (R)
INI25818	91	Vol. of grey matter in Supramarginal Gyrus, anterior division (L)
INI25820	91	Vol. of grey matter in Supramarginal Gyrus, posterior division (L)
INI25821	91	Vol. of grey matter in Supramarginal Gyrus, posterior division (R)
INI25822	91	Vol. of grey matter in Angular Gyrus (L)
INI25826	91	Vol. of grey matter in Lateral Occipital Cortex, inferior division (L)
INI25828	91	Vol. of grey matter in Intracalcarine Cortex (L)
INI25829	91	Vol. of grey matter in Intracalcarine Cortex (R)
INI25833	91	Vol. of grey matter in Juxtapositional Lobule Cortex (formerly Supplementary Motor Cortex) (R)
INI25861	91	Vol. of grey matter in Occipital Fusiform Gyrus (R)
INI25862	91	Vol. of grey matter in Frontal Operculum Cortex (L)
INI25863	91	Vol. of grey matter in Frontal Operculum Cortex (R)
INI25866	91	Vol. of grey matter in Parietal Operculum Cortex (L)
INI25867	91	Vol. of grey matter in Parietal Operculum Cortex (R)
INI25870	91	Vol. of grey matter in Heschl's Gyrus (includes H1 and H2) (L)
INI25874	91	Vol. of grey matter in Supracalcarine Cortex (L)
INI25875	91	Vol. of grey matter in Supracalcarine Cortex (R)
INI25878	91	Vol. of grey matter in Thalamus (L)
INI25879	91	Vol. of grey matter in Thalamus (R)
INI25880	91	Vol. of grey matter in Caudate (L)
INI25882	91	Vol. of grey matter in Putamen (L)
INI25883	91	Vol. of grey matter in Putamen (R)
INI25884	91	Vol. of grey matter in Pallidum (L)
INI25888	91	Vol. of grey matter in Amygdala (L)
INI25889	91	Vol. of grey matter in Amygdala (R)
INI25890	91	Vol. of grey matter in Ventral Striatum (L)
INI25891	91	Vol. of grey matter in Ventral Striatum (R)
INI25900	91	Vol. of grey matter in Crus I Cerebellum (L)
INI25904	91	Vol. of grey matter in Vermis Crus II Cerebellum
INI25907	91	Vol. of grey matter in Vermis VIIb Cerebellum
INI25910	91	Vol. of grey matter in Vermis VIIIa Cerebellum
INI25913	91	Vol. of grey matter in Vermis VIIIb Cerebellum
INI25914	91	Vol. of grey matter in VIIIb Cerebellum (R)
INI25915	91	Vol. of grey matter in IX Cerebellum (L)
INI25916	91	Vol. of grey matter in Vermis IX Cerebellum
INI25917	91	Vol. of grey matter in IX Cerebellum (R)
INI2714	91	Age when periods started (menarche)
INI2824	91	Age at hysterectomy
INI30040	91	Mean corpuscular volume
INI30050	91	Mean corpuscular haemoglobin
INI30070	91	Red blood cell distribution width
INI30100	91	Mean platelet volume
INI30110	91	Platelet distribution width
INI30180	91	Lymphocyte %
INI30190	91	Monocyte %
INI30200	91	Neutrophill %
INI30260	91	Mean reticulocyte volume
INI30270	91	Mean sphered cell volume
INI3581	91	Age at menopause
INI40005983	91	Recovery
INI40030700	91	EGFR covariate and statin adjusted
INI4195	91	Pulse wave reflection index
INI4198	91	Position of the pulse wave peak
INI4282	91	Maximum digits remembered correctly
INI5078	91	LogMAR in round (L)
INI5084	91	Spherical power (R)
INI5085	91	Spherical power (L)
INI5086	91	Cylindrical power (L)
INI5087	91	Cylindrical power (R)
INI5116	91	3mm cylindrical power (R)
INI5117	91	6mm cylindrical power (R)
INI5119	91	3mm cylindrical power (L)
QT_FC1001170	91	Getting up in morning
QT_FC1001329	91	Oily fish intake
QT_FC1001369	91	Beef intake
QT_FC1001379	91	Lamb/mutton intake
QT_FC10021050	91	Degree bothered by menstrual cramps or other problems with period in the last 3 months
QT_FC1002375	91	Relative age of first facial hair
RH156	91	Malignant Brain Neoplasm
RH45	91	Prostate Cancer
cancer1038	91	Male genital tract cancer
cancer1047	91	Lymphoma
cancer1048	91	Leukaemia
INI25684	91	WA OD in tract parahippocampal part of cingulum (R)
BIN_FC3002247	91	Hearing difficulty and Deafness
cancer1002	91	Breast cancer
INI23013	91	U14 antigen for Human Herpesvirus-7
QT_FC1002385	91	Relative age voice broke
QT_FC1004803	91	Tinnitus severity
INI22678	91	Maximum carotid IMT (intima-medial thickness) at 210 degrees
INI22680	91	Mean carotid IMT (intima-medial thickness) at 240 degrees
RH30	91	Alzheimers Disease
RH110	91	Cerebral Infarction
HC278	91	Cerebral aneurysm
HC306	91	Insomnia
HC87	91	Spina bifida
INI40009	91	Reported occurrences of cancer
HC82	91	Cerebral palsy
INI21055	91	Degree bothered by feeling heart pound/race in the last 3 months
INI22672	91	Maximum carotid IMT (intima-medial thickness) at 120 degrees
INI25473	91	Mean ISOVF in external capsule on FA skeleton (L)
INI25066	91	Mean FA in inferior cerebellar peduncle on FA skeleton (R)
cancer1044	91	Prostate cancer
INI25781	91	Total vol. of white matter hyperintensities (from T1 and T2 FLAIR images)
HC241	91	Cranial nerve problem/palsy
HC351	91	Blepharitis / eyelid infection
HC249	91	Hepatitis c
HC392	91	Pancreatitis
INI25465	91	Mean ISOVF in superior corona radiata on FA skeleton (L)
HC55	91	Hyperthyroidism/thyrotoxicosis
HC59	91	Thyroiditis
INI2976	91	Age diabetes diagnosed
RH94	91	Schizophrenia
RH24	91	Cataract
INI22677	91	Mean carotid IMT (intima-medial thickness) at 210 degrees
INI22679	91	Minimum carotid IMT (intima-medial thickness) at 240 degrees
RH99	91	Gastric Cancer
HC5	91	Myositis/myopathy
HC56	91	Monoclonal gammopathy/not myeloma
cancer1030	91	Eye and/or adnexal cancer
HC432	91	Mitral valve prolapse
cancer1004	91	Cancer of lip/mouth/pharynx/oral cavity
RH150	91	Celiac Disease
RH128	91	Crohns Disease
RH7	91	Gout
RH51	91	Lupus
RH143	91	Addisons Disease
HC91	91	Psoriatic arthropathy
RH89	91	Psoriasis
RH60	91	Liche
RH108	91	Emphysema
RH37	91	Hypopituitarism
INI21028	91	Freq. of discomfort/pain getting better or stopping after a bowel movement
INI23010	91	IE1A antigen for Human Herpesvirus-6
INI25101	91	Mean FA in uncinate fasciculus on FA skeleton (L)
INI23011	91	IE1B antigen for Human Herpesvirus-6
INI23024	91	HIV-1 gag antigen for Human Immunodeficiency Virus
INI23029	91	L1 antigen for Human Papillomavirus type-16
INI23031	91	E7 antigen for Human Papillomavirus type-16
INI23032	91	L1 antigen for Human Papillomavirus type-18
INI95	91	Pulse rate (during blood-pressure measurement)
INI25067	91	Mean FA in inferior cerebellar peduncle on FA skeleton (L)
INI25094	91	Mean FA in fornix cres+stria terminalis on FA skeleton (R)
INI25442	91	Mean ISOVF in genu of corpus callosum on FA skeleton
INI25443	91	Mean ISOVF in body of corpus callosum on FA skeleton
INI25561	91	WA MO in tract posterior thalamic radiation (L)
INI25640	91	WA L3 in tract medial lemniscus (L)
INI25708	91	WA ISOVF in tract cingulate gyrus part of cingulum (L)
INI25720	91	WA ISOVF in tract middle cerebellar peduncle
INI25792	91	Vol. of grey matter in Inferior Frontal Gyrus, pars opercularis (L)
INI25810	91	Vol. of grey matter in Inferior Temporal Gyrus, posterior division (L)
INI25816	91	Vol. of grey matter in Superior Parietal Lobule (L)
INI25872	91	Vol. of grey matter in Planum Temporale (L)
INI25876	91	Vol. of grey matter in Occipital Pole (L)
INI5057	91	# of older siblings
INI874	91	Duration of walks
QT_FC10001478	91	Salt added to food
QT_FC1002110	91	Able to confide
RH91	91	Anxiety
INI25461	91	Mean ISOVF in retrolenticular part of internal capsule on FA skeleton (L)
INI25470	91	Mean ISOVF in sagittal stratum on FA skeleton (R)
QT_FC10003506	91	Smoking compared to 10 years previous
INI25685	91	WA OD in tract corticospinal tract (L)
INI25686	91	WA OD in tract corticospinal tract (R)
INI4418	91	Ave. monthly champagne plus white wine intake
INI4620	91	# of depression episodes
INI22401	91	Liver inflammation factor (LIF)
INI25103	91	Mean FA in tapetum on FA skeleton (L)
INI25588	91	WA L1 in tract posterior thalamic radiation (L)
INI2794	91	Age started oral contraceptive pill
INI3627	91	Age angina diagnosed
INI864	91	# days walked more than 10 minutes
QT_FC1001349	91	Processed meat intake
INI21032	91	Freq. of harder stools when abdominal discomfort/pain started
INI20030790	91	Lipoprotein A covariate and statin adjusted
INI20460	91	Belief that own life is meaningful
INI25549	91	WA MO in tract parahippocampal part of cingulum (R)
INI5206	91	LogMAR, initial (L)
INI25034	91	Median T2star in hippocampus (L)
INI25037	91	Median T2star in amygdala (R)
INI25533	91	WA MD in tract medial lemniscus (R)
INI914	91	Duration of vigorous activity
cancer1037	91	Female genital tract cancer
INI25036	91	Median T2star in amygdala (L)
INI5118	91	6mm cylindrical power (L)
INI904	91	# of days/week of vigorous physical activity 10+ minutes
RH74	91	Rheumatoid Arthritis
INI25464	91	Mean ISOVF in superior corona radiata on FA skeleton (R)
INI25579	91	WA L1 in tract forceps major
INI25724	91	WA ISOVF in tract posterior thalamic radiation (R)
INI25807	91	Vol. of grey matter in Middle Temporal Gyrus, temporooccipital part (R)
INI25812	91	Vol. of grey matter in Inferior Temporal Gyrus, temporooccipital part (L)
INI25877	91	Vol. of grey matter in Occipital Pole (R)
INI25452	91	Mean ISOVF in superior cerebellar peduncle on FA skeleton (R)
INI25455	91	Mean ISOVF in cerebral peduncle on FA skeleton (L)
INI25570	91	WA L1 in tract acoustic radiation (R)
INI25552	91	WA MO in tract forceps major
INI4022	91	Age PE (blood clot in lung) diagnosed
RH77	91	Sarcoidosis
INI25687	91	WA OD in tract forceps major
INI3829	91	# of stillbirths
INI25004	91	Vol. of ventricular cerebrospinal fluid
INI25031	91	Median T2star in putamen (R)
INI25357	91	Mean ICVF in superior cerebellar peduncle on FA skeleton (L)
INI25089	91	Mean FA in external capsule on FA skeleton (L)
INI25524	91	WA MD in tract corticospinal tract (R)
INI25668	91	WA ICVF in tract medial lemniscus (R)
INI25355	91	Mean ICVF in inferior cerebellar peduncle on FA skeleton (L)
INI25572	91	WA L1 in tract anterior thalamic radiation (R)
INI25641	91	WA L3 in tract medial lemniscus (R)
INI25463	91	Mean ISOVF in anterior corona radiata on FA skeleton (L)
INI25699	91	WA OD in tract superior longitudinal fasciculus (R)
INI25726	91	WA ISOVF in tract superior longitudinal fasciculus (R)
INI25881	91	Vol. of grey matter in Caudate (R)
INI25902	91	Vol. of grey matter in Crus I Cerebellum (R)
INI25919	91	Vol. of grey matter in Vermis X Cerebellum
QT_FC10003476	91	Difficulty not smoking for 1 day
INI30220	91	Basophill %
INI3546	91	Age last used hormone-replacement therapy (HRT)
INI3849	91	# of pregnancy terminations
INI4230	91	Signal-to-noise-ratio (SNR) of triplet (L)
QT_FC10003466	91	Time from waking to first cigarette
QT_FC10003496	91	Wants to stop smoking
INI5157	91	6mm asymmetry index (L)
INI5208	91	LogMAR, final (L)
INI991	91	Freq. strenuous sports last 4 weeks
QT_FC1004570	91	Friendships satisfaction
INI5158	91	6mm asymmetry index (R)
RH119	91	Glaucoma
QT_FC1001180	91	Morning/evening person (chronotype)
QT_FC1001339	91	Non-oily fish intake
QT_FC1001389	91	Pork intake
RH8	91	Benign Brain Neoplasm
cancer1032	91	Brain cancer / primary malignant brain tumour
cancer1053	91	Non-hodgkins lymphoma
cancer1055	91	Chronic lymphocytic
BIN_FC10001797	92	Father still alive
BIN_FC10001835	92	Mother still alive
INI1807	92	Father's age at death
INI20030630	92	Apolipoprotein A covariate and statin adjusted
INI20030660	92	Direct bilirubin covariate and statin adjusted
INI20030760	92	HDL cholesterol covariate and statin adjusted
INI20030890	92	Vitamin D covariate and statin adjusted
INI22146	93	Age hayfever or allergic rhinitis diagnosed by doctor
INI22147	93	Age asthma diagnosed by doctor
INI2966	93	Age high BP diagnosed
INI3761	93	Age hay fever, rhinitis or eczema diagnosed
INI3786	93	Age asthma diagnosed
INI87	93	Non-cancer illness year/age first occurred
BIN_FC10002463	94	Fractured/broken bones in last 5 years
BIN_FC9006179	94	Calcium supplements
HC22	94	Osteoporosis
HC290	94	Fracture upper arm / humerus / elbow
HC334	94	Fracture sternum
HC339	94	Fracture lower leg / ankle
HC380	94	Fracture ulna
HC406	94	Fracture neck of femur / hip
HC57	94	Fracture radius
HC76	94	Fracture foot
HC83	94	Fracture forearm / wrist
BIN1677	95	Breastfed as a baby
BIN3081	95	Foot measured for bone density
BIN_FC10020547	95	Talking based therapies taken for depression
BIN_FC16006155	95	Vitamin D
BIN_FC20020550	95	Activity based therapies taken for anxiety
BIN_FC30020547	95	Non-drug therapies taken for depression
BIN_FC4006155	95	Vitamin D vs no supplement
INI1319	95	Dried fruit intake
INI1458	95	Cereal intake
INI1845	95	Mother's age
INI20016	95	Fluid intelligence score
INI20030830	95	SHBG covariate and statin adjusted
INI20030850	95	Testosterone covariate and statin adjusted
INI21048	95	Degree bothered by back pain in the past 3 months
INI21049	95	Degree bothered by pain in arms/legs/joints in the past 3 months
INI21056	95	Degree bothered by shortness of breath in the last 3 months
INI21060	95	Degree bothered by feeling tired all the time in the last 3 months
INI25911	95	Vol. of grey matter in VIIIa Cerebellum (R)
INI2867	95	Age started smoking in former smokers
INI2946	95	Father's age
INI3526	95	Mother's age at death
INI3536	95	Age started hormone-replacement therapy (HRT)
INI4196	95	Pulse wave peak to peak time
INI924	95	Usual walking pace
QT_FC1001408	95	Cheese intake
INI884	95	# of days/week of moderate physical activity 10+ minutes
BIN_FC1006152	96	DVT diagnosed by doctor
BIN_FC11006152	96	Blood clot or DVT diagnosed by doctor
BIN_FC12006152	96	Blood clot in the leg (DVT) or lung
BIN_FC3006152	96	Blood clot diagnosed by doctor
BIN_FC6006152	96	Blood clot in the leg (DVT)
BIN_FC8006152	96	Blood clot in the lung
HC166	96	DVT
HC203	96	PE +/- DVT
RH56	96	Deep Vein Thrombosis
RH131	96	Haemophilia
RH81	96	Pulmonary Embolism and Infarction
INI25002	97	Vol. of peripheral cortical grey matter
INI25006	98	Vol. of grey matter
INI25782	98	Vol. of grey matter in Frontal Pole (L)
INI25783	98	Vol. of grey matter in Frontal Pole (R)
INI25784	98	Vol. of grey matter in Insular Cortex (L)
INI25785	98	Vol. of grey matter in Insular Cortex (R)
INI25797	98	Vol. of grey matter in Temporal Pole (R)
INI25811	98	Vol. of grey matter in Inferior Temporal Gyrus, posterior division (R)
INI25815	98	Vol. of grey matter in Postcentral Gyrus (R)
INI25827	98	Vol. of grey matter in Lateral Occipital Cortex, inferior division (R)
INI25834	98	Vol. of grey matter in Subcallosal Cortex (L)
INI25840	98	Vol. of grey matter in Cingulate Gyrus, posterior division (L)
INI25841	98	Vol. of grey matter in Cingulate Gyrus, posterior division (R)
INI25842	98	Vol. of grey matter in Precuneous Cortex (L)
INI25843	98	Vol. of grey matter in Precuneous Cortex (R)
INI25846	98	Vol. of grey matter in Frontal Orbital Cortex (L)
INI25847	98	Vol. of grey matter in Frontal Orbital Cortex (R)
INI25864	98	Vol. of grey matter in Central Opercular Cortex (L)
INI25845	98	Vol. of grey matter in Cuneal Cortex (R)
INI25860	98	Vol. of grey matter in Occipital Fusiform Gyrus (L)
INI25844	98	Vol. of grey matter in Cuneal Cortex (L)
BIN2040	99	Risk taking
BIN_FC2006179	99	Glucosamine
BIN_FC8006179	99	Glucosamine supplements
HC176	99	Prolapsed disc/slipped disc
HC281	99	Atrial fibrillation
HC401	99	Varicose veins
HC402	99	Spinal stenosis
HC440	99	Atrial flutter
INI10030520	99	Potassium in urine covariate adjusted
INI1289	99	Cooked vegetable intake
INI1299	99	Salad / raw vegetable intake
INI1309	99	Fresh fruit intake
INI20030700	99	Creatinine covariate and statin adjusted
INI22421	99	LV end diastolic volume
INI22422	99	LV end systolic volume
INI22423	99	LV stroke volume
INI22424	99	Cardiac output
INI23201	99	L1-L4 ave. height
INI23202	99	L1-L4 ave. width
INI23220	99	Arm BMC (bone mineral content) (L)
INI23222	99	Arm BMC (bone mineral content) (R)
INI23224	99	Arms BMC (bone mineral content)
INI23244	99	Android bone mass
INI23305	99	Head bone area
INI23311	99	Spine bone area
INI25013	99	Vol. of caudate (L)
INI25014	99	Vol. of caudate (R)
INI25015	99	Vol. of putamen (L)
INI25016	99	Vol. of putamen (R)
INI25017	99	Vol. of pallidum (L)
INI25018	99	Vol. of pallidum (R)
INI25023	99	Vol. of accumbens (L)
INI25024	99	Vol. of accumbens (R)
INI25064	99	Mean FA in medial lemniscus on FA skeleton (R)
INI25065	99	Mean FA in medial lemniscus on FA skeleton (L)
INI25098	99	Mean FA in superior fronto-occipital fasciculus on FA skeleton (R)
INI25545	99	WA MO in tract anterior thalamic radiation (R)
INI25559	99	WA MO in tract medial lemniscus (L)
INI25786	99	Vol. of grey matter in Superior Frontal Gyrus (L)
INI25787	99	Vol. of grey matter in Superior Frontal Gyrus (R)
INI25795	99	Vol. of grey matter in Precentral Gyrus (R)
INI25796	99	Vol. of grey matter in Temporal Pole (L)
INI25798	99	Vol. of grey matter in Superior Temporal Gyrus, anterior division (L)
INI25800	99	Vol. of grey matter in Superior Temporal Gyrus, posterior division (L)
INI25801	99	Vol. of grey matter in Superior Temporal Gyrus, posterior division (R)
INI25813	99	Vol. of grey matter in Inferior Temporal Gyrus, temporooccipital part (R)
INI25823	99	Vol. of grey matter in Angular Gyrus (R)
INI25824	99	Vol. of grey matter in Lateral Occipital Cortex, superior division (L)
INI25825	99	Vol. of grey matter in Lateral Occipital Cortex, superior division (R)
INI25830	99	Vol. of grey matter in Frontal Medial Cortex (L)
INI25831	99	Vol. of grey matter in Frontal Medial Cortex (R)
INI25832	99	Vol. of grey matter in Juxtapositional Lobule Cortex (formerly Supplementary Motor Cortex) (L)
INI25835	99	Vol. of grey matter in Subcallosal Cortex (R)
INI25836	99	Vol. of grey matter in Paracingulate Gyrus (L)
INI25837	99	Vol. of grey matter in Paracingulate Gyrus (R)
INI25848	99	Vol. of grey matter in Parahippocampal Gyrus, anterior division (L)
INI25849	99	Vol. of grey matter in Parahippocampal Gyrus, anterior division (R)
INI25850	99	Vol. of grey matter in Parahippocampal Gyrus, posterior division (L)
INI25851	99	Vol. of grey matter in Parahippocampal Gyrus, posterior division (R)
INI25852	99	Vol. of grey matter in Lingual Gyrus (L)
INI25853	99	Vol. of grey matter in Lingual Gyrus (R)
INI25854	99	Vol. of grey matter in Temporal Fusiform Cortex, anterior division (L)
INI25855	99	Vol. of grey matter in Temporal Fusiform Cortex, anterior division (R)
INI25856	99	Vol. of grey matter in Temporal Fusiform Cortex, posterior division (L)
INI25857	99	Vol. of grey matter in Temporal Fusiform Cortex, posterior division (R)
INI25858	99	Vol. of grey matter in Temporal Occipital Fusiform Cortex (L)
INI25859	99	Vol. of grey matter in Temporal Occipital Fusiform Cortex (R)
INI25865	99	Vol. of grey matter in Central Opercular Cortex (R)
INI25868	99	Vol. of grey matter in Planum Polare (L)
INI25869	99	Vol. of grey matter in Planum Polare (R)
INI25871	99	Vol. of grey matter in Heschl's Gyrus (includes H1 and H2) (R)
INI25873	99	Vol. of grey matter in Planum Temporale (R)
INI25886	99	Vol. of grey matter in Hippocampus (L)
INI25887	99	Vol. of grey matter in Hippocampus (R)
INI25892	99	Vol. of grey matter in Brain-Stem
INI25893	99	Vol. of grey matter in I-IV Cerebellum (L)
INI25894	99	Vol. of grey matter in I-IV Cerebellum (R)
INI25895	99	Vol. of grey matter in V Cerebellum (L)
INI25896	99	Vol. of grey matter in V Cerebellum (R)
INI25897	99	Vol. of grey matter in VI Cerebellum (L)
INI25898	99	Vol. of grey matter in Vermis VI Cerebellum
INI25899	99	Vol. of grey matter in VI Cerebellum (R)
INI25912	99	Vol. of grey matter in VIIIb Cerebellum (L)
INI25918	99	Vol. of grey matter in X Cerebellum (L)
INI25920	99	Vol. of grey matter in X Cerebellum (R)
INI25020	99	Vol. of hippocampus (R)
INI25744	99	Inverted temporal signal-to-noise ratio in artefact-cleaned pre-processed rfMRI
QT_FC10021057	99	Degree bothered by pain/problems during intercourse in the last 3 months
INI1003063	100	FEV FVC ratio
INI1003064	100	PEF pred. ratio
INI20154	100	FEV1, pred. %
INI25008	100	Vol. of white matter
INI25010	100	Vol. of brain, grey+white matter
INI25011	100	Vol. of thalamus (L)
INI25012	100	Vol. of thalamus (R)
INI25025	100	Vol. of brain stem + 4th ventricle
INI3064	100	PEF
